Member Number,Gender,GivenName,Surname,StreetAddress,Town/City,ZipCode,EmailAddress,Birthday
519,Male,Kian,Abbott,30 Terrick Rd,ELDERNELL,PE7 2TE,kianabbott@dodgit.com,03/07/1984
908,Male,Noah,Adams,52 City Walls Rd,CLOPTON GREEN,CB8 3PL,noahadams@pookmail.com,27/06/1984
234,Male,Dylan,Akhtar,85 Castledore Road,TWYFORD,DE73 0XX,dylanakhtar@dodgit.com,29/10/1984
289,Female,Caitlin,Akhtar,68 Red Lane,ETON WICK,SL4 4QT,caitlinakhtar@trashymail.com,27/09/1984
266,Male,Kai,Alexander,32 Golden Knowes Road,FRADDAM,TR27 8UY,kaialexander@spambob.com,01/10/1982
487,Female,Maisie,Alexander,25 Mounthoolie Lane,SUTTERTON,PE20 7FR,maisiealexander@spambob.com,28/08/1986
805,Male,Ewan,Ali,84 Dunmow Road,GREYLAKE,TA7 6JW,ewanali@trashymail.com,31/07/1985
329,Female,Faith,Allan,32 Leicester Road,AYLESBURY,HP20 3HA,faithallan@mailinator.com,25/02/1982
333,Female,Georgia,Allan,87 South Street,MONKSEATON,NE25 4GE,georgiaallan@mailinator.com,25/09/1980
649,Male,Harrison,Allan,32 Cheriton Rd,WEST KEAL,PE23 9LJ,harrisonallan@dodgit.com,24/01/1982
779,Female,Libby,Allan,77 Guild Street,LONDON,SE21 1PG,libbyallan@trashymail.com,26/08/1983
844,Female,Jessica,Allan,31 Whitchurch Road,ENGLISHCOMBE,BA2 6AS,jessicaallan@mailinator.com,29/11/1984
789,Female,Grace,Anderson,11 Guildford Rd,EAST ILSLEY,RG20 8EL,graceanderson@pookmail.com,25/10/1984
379,Male,Alexander,Andrews,34 Rhosddu Rd,FILLINGHAM,DN21 3RY,alexanderandrews@mailinator.com,03/07/1982
661,Male,Spencer,Andrews,10 Traill Street,ROTHERBY,LE14 3UG,spencerandrews@mailinator.com,26/08/1981
853,Male,Josh,Andrews,12 Ramsgate Rd,WILLESBOROUGH,TN24 7QD,joshandrews@pookmail.com,30/12/1986
913,Female,Kiera,Andrews,27 Neville Street,IGHTHAM,TN15 9QL,kieraandrews@pookmail.com,23/08/1988
501,Male,Zachary,Arnold,82 Jubilee Drive,CATTERALL,PR3 1BG,zacharyarnold@spambob.com,27/08/1983
530,Male,Aaron,Arnold,57 Hull Road,PAISLEY,PA1 4SY,aaronarnold@trashymail.com,25/10/1987
620,Female,Victoria,Arnold,22 Sea Road,LAMANCHA,EH46 6UG,victoriaarnold@spambob.com,30/08/1987
744,Female,Gracie,Ashton,49 Wrexham Rd,EVESHAM,WR11 2UF,gracieashton@mailinator.com,28/11/1990
282,Female,Skye,Atkins,83 Hendford Hill,MOWDEN,DL3 8ZD,skyeatkins@spambob.com,01/07/1982
898,Female,Morgan,Atkins,48 Walden Road,GREENFIELD,MK45 7UW,morganatkins@spambob.com,26/09/1982
369,Female,Eva,Atkinson,28 Town Lane,SOUTH BREWHAM,BA10 6ZP,evaatkinson@mailinator.com,27/12/1982
400,Female,Abbie,Baker,59 Iolaire Road,NEW END,B96 7PL,abbiebaker@trashymail.com,25/12/1984
859,Female,Sienna,Baker,83 Dunmow Road,GRINDLEY,ST14 9TW,siennabaker@dodgit.com,24/12/1990
915,Female,Jennifer,Baker,22 Tonbridge Rd,COODHAM,KA1 0JZ,jenniferbaker@pookmail.com,30/09/1990
278,Female,Millie,Baldwin,83 Seaford Road,CUTSDEAN,GL54 7LT,milliebaldwin@mailinator.com,28/08/1987
895,Male,Joshua,Banks,65 Cheriton Rd,WEST MOORS,BH22 0ZX,joshuabanks@pookmail.com,04/07/1986
309,Female,Evie,Barber,9 Balsham Road,HAROLD WOOD,RM3 2FX,eviebarber@spambob.com,28/02/1981
321,Male,Andrew,Barber,20 Canterbury Road,VERYAN,TR2 5QX,andrewbarber@trashymail.com,23/12/1988
590,Female,Amelie,Barlow,63 Sea Road,LANE END,DA2 5SX,ameliebarlow@trashymail.com,29/09/1990
879,Female,Elizabeth,Barlow,4 Bishopgate Street,SEATON BURN,NE13 6TT,elizabethbarlow@trashymail.com,30/06/1990
634,Male,Dominic,Barnett,27 Sutton Wick Lane,BRIDPORT,DT6 2BF,dominicbarnett@spambob.com,30/07/1989
738,Female,Olivia,Barnett,96 Northgate Street,BEVERCOTES,NG22 4EL,oliviabarnett@mailinator.com,25/08/1991
725,Female,Charlotte,Barrett,25 Iffley Road,BROCKBRIDGE,SO32 3FF,charlottebarrett@trashymail.com,28/10/1989
736,Female,Emma,Barrett,30 Scarcroft Road,PORTACHOILLAN,PA29 2LB,emmabarrett@spambob.com,29/09/1989
765,Male,Patrick,Barry,51 Walden Road,GREEN HAMMERTON,YO5 1AQ,patrickbarry@spambob.com,30/09/1991
260,Female,Lydia,Bartlett,60 Huntly Street,BARNWOOD,GL4 0RQ,lydiabartlett@spambob.com,30/08/1981
436,Female,Tilly,Barton,43 St Maurices Road,PULLOXHILL,MK45 6BJ,tillybarton@mailinator.com,31/12/1985
806,Female,Ruby,Barton,97 Newgate Street,JUMP,S74 8XY,rubybarton@trashymail.com,25/02/1986
823,Female,Sophia,Bates,73 Russell Rd,SHERFORD,TQ7 3TE,sophiabates@spambob.com,25/08/1980
515,Male,Charles,Begum,44 Scotswood Road,HOOKE,DT8 3RG,charlesbegum@dodgit.com,28/02/1988
261,Female,Abbie,Bennett,77 Caerfai Bay Road,TETTENHALL,WV6 6DL,abbiebennett@trashymail.com,01/12/1983
343,Female,Natasha,Bennett,16 Malcolm Rd,LLANFARIAN,SY23 7UQ,natashabennett@trashymail.com,01/07/1986
638,Male,Muhammad,Bennett,14 Jedburgh Road,LETHENDY,PH2 4WB,muhammadbennett@dodgit.com,03/03/1984
496,Female,Eva,Benson,71 St Dunstans Street,WARREN,SA71 5UY,evabenson@spambob.com,27/11/1987
356,Male,Lewis,Bentley,50 Terrick Rd,EGLWYSWRW,SA41 3YU,lewisbentley@spambob.com,25/09/1987
440,Male,Ben,Berry,42 Prince Consort Road,KENSWORTH,LU6 3FW,benberry@trashymail.com,29/10/1991
711,Male,Christopher,Berry,21 Chapel Lane,ARDWELL,AB54 6HL,christopherberry@dodgit.com,28/02/1987
868,Female,Rachel,Berry,2 Stone St,CRAIGMAUD,AB43 0RH,rachelberry@spambob.com,27/10/1991
299,Female,Amber,Bevan,16 East Street,MARISTOW,PL6 8DU,amberbevan@mailinator.com,25/06/1984
450,Male,Alfie,Bevan,20 North Road,NETHER WELLWOOD,KA18 9GL,alfiebevan@mailinator.com,30/06/1985
378,Female,Sienna,Bibi,15 Lincoln Green Lane,CHURCHGATE STREET,CM17 8ZE,siennabibi@trashymail.com,26/06/1990
438,Female,Kate,Black,78 East Street,MANGURSTADH,HS2 2QD,kateblack@pookmail.com,28/02/1990
609,Female,Charlotte,Black,81 Monks Way,TORLUNDY,PH33 6ZZ,charlotteblack@mailinator.com,03/07/1983
385,Female,Emma,Blackburn,74 Witney Way,KLIBRECK,IV27 8NR,emmablackburn@pookmail.com,03/07/1985
712,Female,Madeleine,Blackburn,94 Old Edinburgh Road,BELLOCHANTUY,PA28 4GN,madeleineblackburn@spambob.com,27/11/1985
363,Female,Demi,Blake,76 Newport Road,CARGO,CA6 1NW,demiblake@dodgit.com,02/07/1987
830,Male,Mason,Blake,18 High St,THORPE MORIEUX,IP30 6GH,masonblake@mailinator.com,30/09/1985
546,Female,Abbie,Bolton,56 West Lane,DALTON,NE20 6QZ,abbiebolton@dodgit.com,26/10/1981
608,Female,Jasmine,Bolton,8 Mill Lane,CORRINGHAM,SS17 5NP,jasminebolton@trashymail.com,28/12/1987
434,Female,Maisie,Booth,9 Canterbury Road,VEENSGARTH,ZE2 7EP,maisiebooth@trashymail.com,28/08/1987
335,Female,Georgina,Bradley,54 Merthyr Road,BURLESCOMBE,EX16 5RL,georginabradley@spambob.com,30/11/1987
495,Male,Harry,Bradshaw,85 New Dover Rd,WALMER,CT14 2JA,harrybradshaw@mailinator.com,31/08/1984
810,Female,Lola,Bradshaw,37 Lammas Street,GREAT COWDEN,HU11 4YS,lolabradshaw@mailinator.com,29/12/1988
532,Female,Libby,Brady,57 Newgate Street,KABER,CA17 2FU,libbybrady@dodgit.com,31/07/1981
687,Female,Aimee,Brady,43 Shannon Way,CHIPPING ONGAR,CM5 3FU,aimeebrady@mailinator.com,01/03/1983
916,Female,Morgan,Brady,51 Prince Consort Road,KEMPTON,SY7 7WG,morganbrady@spambob.com,29/01/1982
468,Male,Aaron,Bray,62 Preston Rd,MOORHAMPTON,HR4 8GZ,aaronbray@dodgit.com,01/10/1983
702,Female,Emily,Bray,71 Hexham Road,ISFIELD,TN22 3HU,emilybray@spambob.com,26/07/1989
906,Female,Maisie,Bray,98 Holburn Lane,HELLISTER,ZE2 2SE,maisiebray@mailinator.com,27/01/1984
345,Female,Morgan,Brennan,19 Cloch Rd,ST PETER PORT,GY1 2YS,morganbrennan@trashymail.com,27/11/1987
657,Male,Morgan,Brennan,13 Rowland Rd,ORCHARD WYNDHAM,TA4 9RH,morganbrennan@mailinator.com,30/01/1984
556,Male,Benjamin,Briggs,78 Cloch Rd,ST HILARY,TR20 1GL,benjaminbriggs@mailinator.com,03/08/1987
688,Female,Phoebe,Brookes,70 Northgate Street,BICKINGTON,EX31 8WN,phoebebrookes@spambob.com,01/02/1984
452,Female,Skye,Browne,57 Crown Street,LONDON,W1K 4ZJ,skyebrowne@trashymail.com,29/10/1986
462,Female,Amber,Browne,3 Asfordby Rd,AISGERNIS,HS8 7BF,amberbrowne@pookmail.com,31/10/1987
520,Female,Millie,Browne,94 Earls Avenue,WHITEBURN,TD2 2EL,milliebrowne@mailinator.com,31/01/1983
349,Female,Rebecca,Bruce,61 Front Street,LAGUNA,PH1 6GS,rebeccabruce@pookmail.com,25/06/1984
808,Female,Molly,Buckley,98 Great Western Road,LONGBRIDGE,B31 4RR,mollybuckley@trashymail.com,29/07/1991
325,Male,Sebastian,Bull,24 Warren St,WEST BRADLEY,BA6 3ZP,sebastianbull@dodgit.com,29/01/1982
362,Female,Lauren,Burgess,39 Lammas Street,GREAT BRADLEY,CB8 7EA,laurenburgess@mailinator.com,01/12/1985
413,Female,Louise,Burgess,32 Broad Street,LOWTHORPE,YO25 0XA,louiseburgess@spambob.com,29/11/1980
683,Female,Chloe,Burns,40 Hart Road,NORTHAM,SO14 7QA,chloeburns@mailinator.com,30/08/1991
294,Female,Ruby,Burrows,83 Bath Rd,WOODFORD,SK7 7BL,rubyburrows@dodgit.com,27/01/1990
770,Female,Imogen,Burton,86 Brackley Road,TIDENHAM,NP6 7ZH,imogenburton@mailinator.com,01/10/1988
476,Female,Skye,Butcher,35 Wartnaby Road,ACKLAM,TS5 0AY,skyebutcher@mailinator.com,29/08/1990
883,Female,Gracie,Butler,53 Neville Street,IDRIGIL,IV51 1TG,graciebutler@dodgit.com,24/12/1983
298,Female,Maisie,Byrne,77 Caxton Place,CABRACH,AB54 4TH,maisiebyrne@pookmail.com,29/10/1985
358,Male,Bradley,Cameron,49 Bath Rd,WOLVERCOTE,OX2 9AR,bradleycameron@spambob.com,28/06/1991
453,Male,Joel,Cameron,42 Fordham Rd,HALLOW,WR2 5LH,joelcameron@pookmail.com,01/12/1988
713,Male,Bradley,Cameron,19 Prestwick Road,INKBERROW,WR7 7QB,bradleycameron@spambob.com,30/07/1991
798,Male,Ethan,Campbell,53 Cunnery Rd,MAES-TREYLOW,LD8 6XP,ethancampbell@pookmail.com,02/08/1986
902,Female,Amy,Carey,12 Jesmond Rd,KILMERSDON,BA3 4SF,amycarey@pookmail.com,30/12/1988
425,Female,Aaliyah,Carr,12 Ramsgate Rd,WILLINGTON,DE65 7EW,aaliyahcarr@pookmail.com,28/07/1981
563,Female,Daisy,Carr,11 Maidstone Road,WEST BLATCHINGTON,BN3 0HU,daisycarr@trashymail.com,29/07/1985
685,Female,Sophia,Carr,11 Whitby Road,DESBOROUGH,NN14 1XL,sophiacarr@trashymail.com,01/09/1981
880,Female,Daisy,Carr,5 Golden Knowes Road,FRAMPTON,PE20 5UW,daisycarr@trashymail.com,30/09/1987
681,Female,Abby,Carroll,68 Shannon Way,CHIPSTEAD,CR5 5JJ,abbycarroll@spambob.com,01/09/1982
304,Female,Alexandra,Carter,18 Church Way,BRADFIELD,CO11 8SG,alexandracarter@dodgit.com,25/06/1988
334,Female,Emma,Chadwick,57 Whitchurch Road,ELWORTH,CW11 8TE,emmachadwick@mailinator.com,28/10/1986
418,Female,Tegan,Chadwick,85 Vicar Lane,SARACEN'S HEAD,PE12 7ER,teganchadwick@trashymail.com,02/03/1987
264,Male,Noah,Chambers,33 Overton Circle,LITTLEOVER,DE23 0SN,noahchambers@pookmail.com,25/06/1989
391,Female,Jodie,Chambers,82 Bishopthorpe Road,PENNAN,AB43 0EU,jodiechambers@mailinator.com,27/09/1982
460,Female,Naomi,Chambers,47 Seaford Road,CULMINGTON,SY8 0XW,naomichambers@trashymail.com,28/07/1988
480,Male,Toby,Chambers,58 Canterbury Road,VILLAVIN,EX19 6UD,tobychambers@dodgit.com,29/01/1986
510,Male,Christopher,Chan,30 Northgate Street,BETSHAM,DA13 8BQ,christopherchan@spambob.com,26/02/1990
869,Male,Alexander,Chan,51 Walwyn Rd,CHARLTON MACKRELL,TA11 7UA,alexanderchan@spambob.com,28/06/1990
623,Female,Sophia,Chandler,19 Redcliffe Way,WOOLLAGE GREEN,CT4 1XS,sophiachandler@dodgit.com,31/10/1981
254,Female,Samantha,Chapman,45 Manor Close,DITTON PRIORS,WV16 3YH,samanthachapman@mailinator.com,28/12/1980
463,Female,Jennifer,Chapman,5 Stamford Road,ANTROBUS,CW9 0UE,jenniferchapman@pookmail.com,01/09/1989
900,Male,Finley,Chapman,70 Trinity Crescent,WHARNCLIFFE SIDE,S30 5RX,finleychapman@mailinator.com,29/12/1981
235,Male,Ellis,Charlton,97 Front Street,KNOTTING,MK44 9FU,ellischarlton@trashymail.com,28/02/1984
271,Female,Abby,Clark,41 Manor Way,GREAT FRANSHAM,NR19 4EF,abbyclark@spambob.com,28/08/1985
890,Female,Emily,Clarke,8 Harehills Lane,RUAIG,PA77 7EG,emilyclarke@trashymail.com,02/03/1984
386,Female,Francesca,Clayton,19 Moulton Road,GUILDEN MORDEN,SG8 9UF,francescaclayton@mailinator.com,28/09/1984
491,Male,Benjamin,Clayton,82 Vicar Lane,SANDHILLS,GU8 3GG,benjaminclayton@trashymail.com,26/06/1986
701,Female,Ruby,Clayton,39 Redcliffe Way,WOOLSTON,SY6 2PD,rubyclayton@pookmail.com,27/01/1983
490,Male,Callum,Clements,50 London Road,CONCHRA,IV40 5JD,callumclements@pookmail.com,24/10/1983
653,Female,Emma,Coates,52 Thames Street,BOOR,IV22 0AY,emmacoates@spambob.com,28/11/1980
512,Female,Faith,Cole,83 Long Street,MILLTOWN OF CAMPFIELD,AB31 7TS,faithcole@mailinator.com,29/01/1983
559,Female,Rosie,Cole,12 Moulton Road,GUNTHORPE,NG14 3SW,rosiecole@dodgit.com,28/12/1991
259,Female,Olivia,Coleman,91 Lincoln Green Lane,CHURCH END,AL3 7TY,oliviacoleman@mailinator.com,26/12/1983
394,Male,Jonathan,Coleman,18 Scrimshire Lane,ASTON CROSS,GL20 9LA,jonathancoleman@mailinator.com,01/12/1989
564,Female,Abigail,Coles,36 West Lane,DALTON-ON-TEES,DL2 5YY,abigailcoles@spambob.com,26/10/1991
324,Male,Jack,Collier,44 Kingsway North,HOLMESFIELD,S18 0UX,jackcollier@pookmail.com,03/08/1983
876,Female,Skye,Collier,47 Guild Street,LONDON,N3 4LN,skyecollier@trashymail.com,02/07/1981
566,Female,Sienna,Collins,42 Bouverie Road,WESTON-SUPER-MARE,BS23 1EP,siennacollins@trashymail.com,26/08/1984
675,Male,Kai,Connolly,56 Chapel Lane,ARSCAIG,IV27 9TZ,kaiconnolly@dodgit.com,24/11/1983
689,Female,Scarlett,Connolly,90 Quay Street,NEEN SOLLARS,DY14 2LF,scarlettconnolly@mailinator.com,26/10/1984
526,Female,Hollie,Connor,37 Shore Street,STOCKTON,TF11 8WR,hollieconnor@spambob.com,03/03/1988
237,Female,Louise,Conway,63 Ramsgate Rd,WILLINGTON,MK44 4DD,louiseconway@pookmail.com,27/06/1984
795,Male,John,Conway,45 Eastbourne Rd,COLEBY,LN5 5QT,johnconway@pookmail.com,01/09/1991
332,Female,Ella,Cook,76 Main Road,AUCHINTOUL,AB33 3BA,ellacook@dodgit.com,23/12/1984
511,Female,Tia,Cook,24 Tadcaster Rd,PILLETH,LD7 1HL,tiacook@trashymail.com,28/01/1983
233,Female,Mollie,Cooke,55 Victoria Road,LITTLE CASTERTON,PE9 7LU,molliecooke@mailinator.com,25/12/1983
523,Male,Liam,Cooke,88 Bouverie Road,WESTMESTON,BN6 6DS,liamcooke@dodgit.com,25/02/1989
580,Male,Zachary,Cooke,11 St Denys Road,PORTSMOUTH,PO5 5WN,zacharycooke@spambob.com,26/06/1989
718,Male,Harry,Cooke,96 Horsefair Green,OLD WESTON,PE17 9JJ,harrycooke@dodgit.com,02/08/1980
236,Male,Tom,Cooper,46 Boar Lane,SELSDON,CR2 4TD,tomcooper@trashymail.com,24/01/1985
423,Male,Spencer,Cooper,28 Guildry Street,GARMONY,PA65 3QB,spencercooper@trashymail.com,25/09/1987
829,Male,Finlay,Craig,74 Northgate Street,BEWERLEY,HG3 6UP,finlaycraig@dodgit.com,01/08/1991
742,Female,Brooke,Crawford,64 Buckingham Rd,THORNEY HILL,BH23 5NA,brookecrawford@dodgit.com,24/01/1989
824,Female,Maddison,Crawford,48 Station Rd,PYRTON,OX9 3EJ,maddisoncrawford@pookmail.com,28/10/1983
449,Female,Amber,Cunningham,22 Wrexham Road,FELBRIDGE,RH19 8TP,ambercunningham@mailinator.com,24/10/1987
663,Male,Nathan,Cunningham,20 Bootham Terrace,READING,RG1 4NB,nathancunningham@mailinator.com,30/10/1989
752,Female,Aaliyah,Cunningham,11 Balsham Road,HARTLEPOOL,TS24 0LE,aaliyahcunningham@dodgit.com,27/12/1989
849,Female,Niamh,Cunningham,62 Scrimshire Lane,ASTON,RG9 3JW,niamhcunningham@pookmail.com,30/07/1985
598,Male,Leon,Curtis,10 Foregate Street,COED MORGAN,NP7 4TD,leoncurtis@spambob.com,31/10/1985
573,Female,Aimee,Daly,49 Newport Road,CARLETON FOREHOE,NR9 0BN,aimeedaly@trashymail.com,27/08/1983
784,Female,Chelsea,Daniels,55 Marlborough Crescent,SOUTH STREET,DA13 5NY,chelseadaniels@pookmail.com,01/03/1986
843,Female,Aaliyah,Daniels,81 Hindhead Road,EAST ARDSLEY,WF3 3QY,aaliyahdaniels@spambob.com,30/09/1984
654,Female,Ellie,Davey,56 Coast Rd,KIRKTON OF LETHENDY,PH1 6DX,elliedavey@mailinator.com,28/10/1990
276,Female,Melissa,Davidson,93 Iffley Road,BROAD BLUNSDON,SN2 4QW,melissadavidson@mailinator.com,30/09/1985
437,Male,Joe,Davis,10 Bishopgate Street,SEACROFT,LS14 5QR,joedavis@mailinator.com,30/06/1982
756,Male,Jake,Davis,19 Newgate Street,KALNAKILL,IV54 6WY,jakedavis@mailinator.com,03/08/1985
923,Female,Rebecca,Davis,10 Bridge Street,GOOSEWELL,PL9 9DX,rebeccadavis@dodgit.com,30/11/1987
382,Male,Zachary,Davison,71 South Crescent,LYTH,KW1 9WD,zacharydavison@pookmail.com,29/06/1981
446,Male,Archie,Davison,19 Glenurquhart Road,BALINDORE,PA35 1YE,archiedavison@dodgit.com,25/01/1992
540,Male,Lucas,Dawson,96 Haslemere Road,EASTON-IN-GORDANO,BS20 8UD,lucasdawson@trashymail.com,29/12/1991
407,Male,Ben,Dean,93 Peachfield Road,CHACELEY,GL19 1AZ,bendean@pookmail.com,02/08/1983
854,Male,Joseph,Dean,50 Guildry Street,GALLOWSTREE ELM,DY7 0AW,josephdean@trashymail.com,01/02/1983
897,Female,Elise,Dean,92 Coast Rd,KIRKLINGTON,NG22 5PL,elisedean@mailinator.com,27/06/1985
508,Female,Madison,Dobson,16 West Lane,DARBY GREEN,GU46 9TF,madisondobson@spambob.com,01/12/1989
558,Male,Zak,Dobson,49 Sandyhill Rd,FURZE PLATT,SL6 3AS,zakdobson@trashymail.com,24/02/1988
396,Female,Jade,Dodd,18 Trinity Crescent,WHALLEY,BB7 4RR,jadedodd@trashymail.com,24/11/1988
403,Female,Samantha,Dodd,21 Quay Street,NAWTON,YO6 2EN,samanthadodd@pookmail.com,25/11/1990
678,Female,Tia,Doherty,53 Peachfield Road,CHADDERTON,OL9 5SH,tiadoherty@mailinator.com,30/06/1989
374,Female,Grace,Douglas,62 Winchester Rd,MID CALDER,EH53 6JF,gracedouglas@trashymail.com,26/06/1986
715,Female,Lauren,Douglas,36 Northgate Street,BETTON,TF9 2AL,laurendouglas@dodgit.com,02/12/1986
312,Male,Freddie,Doyle,76 Dover Road,WESTER QUARFF,ZE2 3RD,freddiedoyle@dodgit.com,30/06/1985
667,Male,Matthew,Duffy,38 Consett Rd,HILL HEAD,PO14 5RF,matthewduffy@trashymail.com,28/12/1982
539,Female,Isobel,Duncan,14 Shore Street,STOKE BARDOLPH,NG14 3DD,isobelduncan@dodgit.com,29/11/1987
747,Female,Maddison,Duncan,35 Cloch Rd,ST MARGARETS,HR2 0LN,maddisonduncan@dodgit.com,27/07/1984
776,Female,Erin,Dunn,67 New Dover Rd,WALLS,ZE2 3DN,erindunn@dodgit.com,24/10/1983
377,Male,Muhammad,Edwards,52 Broomfield Place,STOUR PROVOST,SP8 3BY,muhammadedwards@trashymail.com,30/01/1989
280,Female,Georgina,Elliott,84 Grenoble Road,BRIDGE,CT4 0TH,georginaelliott@dodgit.com,29/11/1985
922,Male,Harry,Elliott,67 Park End St,BROOKS GREEN,RH13 8RG,harryelliott@spambob.com,26/12/1988
769,Female,Laura,Ellis,52 Tadcaster Rd,PINCHBECK WEST,PE11 5SA,lauraellis@trashymail.com,01/09/1986
402,Male,Freddie,Evans,23 Whatlington Road,COTTARTOWN,PH26 5HX,freddieevans@trashymail.com,24/10/1983
454,Female,Tegan,Evans,60 Harrogate Road,RYTON,NE40 7RQ,teganevans@trashymail.com,28/08/1982
846,Female,Shannon,Farmer,16 Whatlington Road,COUSLEY WOOD,TN5 6FP,shannonfarmer@spambob.com,28/10/1986
579,Female,Jennifer,Farrell,41 Nith Street,GLASCWM,LD1 5DZ,jenniferfarrell@pookmail.com,29/09/1988
904,Male,Billy,Farrell,25 Uxbridge Road,SLAIDBURN,BB7 5JD,billyfarrell@mailinator.com,26/01/1986
527,Male,George,Faulkner,87 Hampton Court Rd,SPAXTON,TA5 4DN,georgefaulkner@trashymail.com,27/09/1982
529,Male,Kieran,Faulkner,47 Brynglas Road,GLYN,LL24 4FB,kieranfaulkner@dodgit.com,02/12/1989
577,Male,Charles,Ferguson,9 Nith Street,GLANTWYMYN,SY20 3BG,charlesferguson@mailinator.com,01/08/1984
273,Male,Ryan,Field,19 Ramsgate Rd,WILLEY,CV23 2GF,ryanfield@spambob.com,28/11/1984
368,Male,Finley,Finch,86 Spilman Street,GRANTOWN-ON-SPEY,PH26 0GU,finleyfinch@spambob.com,27/09/1986
455,Female,Ellie,Finch,1 Argyll Street,STALBRIDGE,DT10 0TW,elliefinch@mailinator.com,01/07/1990
594,Male,Sebastian,Finch,39 Netherpark Crescent,STEEPLE ASTON,OX6 1UB,sebastianfinch@spambob.com,25/12/1991
773,Female,Naomi,Fitzgerald,31 Princes Street,RODBRIDGE CORNER,CO10 5WD,naomifitzgerald@mailinator.com,02/07/1983
785,Male,Harrison,Fitzgerald,72 Cambridge Road,NORTH COVE,NR34 0LG,harrisonfitzgerald@mailinator.com,30/07/1989
442,Female,Sophia,Fleming,23 Stroude Road,SINGLETON,PO18 8EN,sophiafleming@mailinator.com,03/03/1990
560,Male,Mohammad,Fleming,69 Scotsburn Rd,TAL-Y-BONT,LL43 9TG,mohammadfleming@spambob.com,01/11/1985
601,Male,Spencer,Fleming,37 Mill Lane,CORPACH,PH33 4PS,spencerfleming@pookmail.com,27/04/1980
884,Male,Morgan,Fleming,57 Red Lane,ERLESTOKE,SN10 4WL,morganfleming@dodgit.com,27/01/1982
355,Female,Nicole,Fletcher,64 Crescent Avenue,DUCHALLY,IV27 7LH,nicolefletcher@pookmail.com,26/09/1988
393,Female,Grace,Fletcher,42 Princes Street,ROCKHEAD,PL33 0ET,gracefletcher@trashymail.com,27/09/1984
709,Female,Isabelle,Fletcher,97 Academy Street,BERRYNARBOR,EX34 6XX,isabellefletcher@pookmail.com,28/11/1983
272,Female,Aaliyah,Flynn,88 Trinity Crescent,WHALTON,NE61 2JY,aaliyahflynn@trashymail.com,28/11/1985
337,Male,Anthony,Flynn,35 Folkestone Road,WILSTHORPE,PE9 8NE,anthonyflynn@spambob.com,28/06/1982
781,Female,Amelie,Flynn,39 Berkeley Rd,STRETTINGTON,PO18 8GQ,amelieflynn@mailinator.com,24/12/1981
759,Male,Taylor,Forster,90 Freezeland Lane,CRACKAIG,PA60 2WG,taylorforster@spambob.com,29/11/1987
817,Female,Daisy,Forster,65 Bootham Crescent,RIECHIP,PH8 5XD,daisyforster@pookmail.com,03/08/1981
327,Male,Jake,Fowler,80 Southlands Road,PONTNEWYDD,NP44 5LH,jakefowler@mailinator.com,27/10/1984
466,Male,Robert,Fowler,16 Boughton Rd,WHITTLE-LE-WOODS,PR6 5BR,robertfowler@mailinator.com,26/06/1984
695,Male,Louis,Fowler,59 South Crescent,LYNDHURST,SO43 9YA,louisfowler@pookmail.com,28/06/1983
631,Female,Matilda,Fox,56 Balsham Road,HARTBURN,NE61 2AT,matildafox@spambob.com,26/08/1989
550,Female,Matilda,Franklin,32 Cheriton Rd,WEST LOOE,PL13 7US,matildafranklin@dodgit.com,30/06/1981
646,Female,Katie,Franklin,95 Holburn Lane,HEANTON SATCHVILLE,EX20 3JU,katiefranklin@dodgit.com,30/06/1986
632,Female,Eloise,Fraser,89 Broad Street,LOWER GREEN BANK,LA2 2DE,eloisefraser@trashymail.com,01/10/1990
778,Female,Kate,Freeman,47 Broomfield Place,STONEYGATE,LE5 4YB,katefreeman@spambob.com,01/12/1983
381,Male,Joel,French,10 Peachfield Road,CHALLOCH,DG8 1BW,joelfrench@trashymail.com,29/01/1987
472,Female,Danielle,French,36 Winchester Rd,MID CLYTH,KW3 2FA,daniellefrench@dodgit.com,24/10/1984
707,Female,Amelia,Fry,78 Harrogate Road,RUSHTON,NN14 5NS,ameliafry@mailinator.com,26/12/1989
886,Female,Katie,Fry,86 Traill Street,ROSEWARNE,TR27 5HQ,katiefry@trashymail.com,01/07/1981
284,Male,Finlay,Fuller,65 North Road,NETHERHAMPTON,SP2 9FT,finlayfuller@trashymail.com,29/12/1984
901,Male,Joe,Fuller,89 Whitchurch Road,ENGLEFIELD GREEN,TW20 2HE,joefuller@pookmail.com,27/09/1988
367,Male,Josh,Gallagher,6 Middlewich Road,FLECKNEY,LE8 8PE,joshgallagher@mailinator.com,28/12/1990
435,Female,Olivia,Gallagher,18 Scarcroft Road,PORT NA CRAIG,PH16 7AL,oliviagallagher@mailinator.com,30/08/1986
504,Male,Harrison,Gallagher,85 Crescent Avenue,DRUMELDRIE,KY8 7NF,harrisongallagher@dodgit.com,30/08/1988
666,Female,Laura,Gallagher,57 Seafield Place,FOUR CROSSES,WS11 9WL,lauragallagher@pookmail.com,29/09/1985
692,Female,Georgina,Gallagher,3 Great Western Road,LONGLANE,RG18 3AS,georginagallagher@pookmail.com,30/12/1986
833,Female,Eloise,Gardiner,18 Canterbury Road,UPTON,WF9 9PS,eloisegardiner@dodgit.com,29/09/1983
344,Female,Megan,Garner,70 Gloucester Road,CLAONEL,IV27 9LQ,megangarner@mailinator.com,01/01/1988
625,Male,Jay,Garner,2 Wrexham Rd,FAIRLOP WATERS,IG2 1SG,jaygarner@trashymail.com,30/07/1990
786,Female,Matilda,Garner,63 Argyll Road,LLANBEDRGOCH,LL76 3FY,matildagarner@mailinator.com,26/12/1981
818,Male,Declan,Garner,78 Ilchester Road,MULLION,TR12 5FZ,declangarner@trashymail.com,28/06/1983
401,Male,Harley,George,83 Ponteland Rd,HUMEHALL,TD5 1PU,harleygeorge@trashymail.com,30/07/1981
599,Male,Reece,Gibbs,12 Greyfriars Road,CARCARY,DD9 2JJ,reecegibbs@mailinator.com,30/12/1980
600,Male,Corey,Gibson,61 Golden Knowes Road,FRISBY ON THE WREAKE,LE14 7LR,coreygibson@pookmail.com,26/10/1988
607,Male,Peter,Gibson,31 Stone Cellar Road,KINLOCHLAICH,PA38 7HX,petergibson@pookmail.com,28/09/1988
836,Female,Emily,Gibson,38 Thirsk Road,BLAIRANNAICH,G83 1TA,emilygibson@pookmail.com,27/08/1990
733,Female,Tia,Gilbert,21 Guildford Rd,EAST MARTON,BD23 6XS,tiagilbert@mailinator.com,01/12/1981
912,Male,Henry,Gilbert,62 Walden Road,GREENHEADS,AB42 8TJ,henrygilbert@mailinator.com,02/03/1988
788,Male,Kyle,Giles,16 Rhosddu Rd,FFARMERS,SA19 4HJ,kylegiles@dodgit.com,28/07/1981
755,Male,Hayden,Gill,10 Manor Close,DIPPLE,IV32 2FH,haydengill@pookmail.com,28/06/1991
834,Male,Joe,Gill,7 Park Row,EGERTON,TN27 4WN,joegill@mailinator.com,03/07/1991
877,Male,Spencer,Gill,45 Nith Street,GLENAMACHRIE,PA34 6BJ,spencergill@mailinator.com,25/02/1992
258,Female,Millie,Glover,66 Foregate Street,CODDENHAM,IP6 3UU,millieglover@spambob.com,25/06/1981
861,Female,Alicia,Glover,88 Davids Lane,STYAL,SK9 2SD,aliciaglover@spambob.com,27/09/1988
479,Male,Declan,Goddard,23 Rhosddu Rd,FIFE KEITH,AB55 4FR,declangoddard@pookmail.com,25/02/1991
777,Male,Max,Godfrey,33 Newmarket Road,HAY MILLS,B25 7HN,maxgodfrey@pookmail.com,28/12/1988
873,Male,Benjamin,Godfrey,42 Constitution St,LLANISHEN,NP6 4FR,benjamingodfrey@trashymail.com,27/02/1988
875,Female,Ellie,Gordon,6 Caradon Hill,TYLORSTOWN,CF43 3WG,elliegordon@dodgit.com,25/02/1985
270,Female,Isabel,Gough,30 Wenlock Terrace,PETHAM,CT4 3UR,isabelgough@spambob.com,26/11/1986
350,Male,Joel,Gould,79 Quay Street,NEATHAM,GU34 3EY,joelgould@mailinator.com,23/02/1989
522,Male,Bailey,Graham,28 Wartnaby Road,ACHRIABHACH,PH33 2RH,baileygraham@spambob.com,29/01/1987
444,Female,Ella,Gray,10 Prince Consort Road,KEITHMORE,AB55 1JH,ellagray@pookmail.com,01/02/1982
639,Male,Leo,Gray,85 Hampton Court Rd,SPRINGBURN,G21 1HE,leogray@mailinator.com,29/10/1989
813,Female,Mia,Gray,49 Great North Road,AMLWCH PORT,LL68 7RW,miagray@spambob.com,29/08/1989
484,Male,Lucas,Green,41 Leicester Road,AUNDORACH,PH25 7EJ,lucasgreen@pookmail.com,31/12/1983
518,Female,Isabel,Green,11 Roman Rd,LEDMORE,PA72 8TE,isabelgreen@spambob.com,30/01/1990
708,Male,Mohammed,Green,40 Hendford Hill,MOSSTODLOCH,IV32 7FX,mohammedgreen@pookmail.com,25/08/1990
903,Male,Alexander,Green,21 Monks Way,TORE,IV6 7LL,alexandergreen@trashymail.com,28/08/1988
320,Female,Katie,Greenwood,64 Trehafod Road,BUCKS HORN OAK,GU10 9XG,katiegreenwood@dodgit.com,01/01/1984
322,Male,Harrison,Greenwood,69 Seafield Street,LLOYNEY,LD7 2PB,harrisongreenwood@dodgit.com,03/08/1990
370,Male,Jordan,Greenwood,97 Lairg Road,NEWBIGGING,AB3 7DY,jordangreenwood@mailinator.com,29/11/1981
506,Male,Gabriel,Greenwood,31 Colorado Way,RIBIGILL,IV27 7LB,gabrielgreenwood@trashymail.com,03/07/1987
622,Male,Sean,Gregory,88 Iffley Road,BROADGROVES,CM6 0BE,seangregory@dodgit.com,04/07/1990
672,Female,Gracie,Gregory,39 Russell Rd,SHILBOTTLE,NE66 9UW,graciegregory@mailinator.com,30/08/1986
862,Male,Billy,Gregory,42 St Maurices Road,PRESTON,SN15 4ZG,billygregory@dodgit.com,03/08/1991
474,Female,Amelie,Griffin,22 Shore Street,STOKEFORD,BH20 6BD,ameliegriffin@mailinator.com,29/10/1990
611,Female,Amelia,Griffin,3 Park Place,CARRVILLE,DH1 4ZW,ameliagriffin@trashymail.com,25/10/1989
842,Female,Maisie,Griffin,5 Boar Lane,SEVERN STOKE,WR8 8DS,maisiegriffin@spambob.com,29/10/1989
419,Male,Oscar,Hale,4 High St,THORPE ON THE HILL,LN6 8WL,oscarhale@pookmail.com,30/08/1987
825,Female,Natasha,Hale,90 Glenurquhart Road,BALENDOCH,PH12 6SQ,natashahale@spambob.com,02/03/1988
710,Female,Jennifer,Hall,34 Annfield Rd,BEAMHURST,ST14 3WL,jenniferhall@pookmail.com,30/01/1989
244,Female,Lydia,Hamilton,38 Roman Rd,LEDMORE,IV27 7YD,lydiahamilton@pookmail.com,01/11/1991
383,Male,George,Hammond,69 Buckingham Rd,THORNDON,IP23 3AJ,georgehammond@trashymail.com,31/01/1984
441,Female,Alexandra,Hancock,76 Bouverie Road,WESTWOOD HEATH,CV4 9TQ,alexandrahancock@mailinator.com,24/08/1987
406,Male,Mason,Hanson,29 Baldock Street,NEWTON OF ARDTOE,PH36 3DG,masonhanson@mailinator.com,30/07/1991
822,Female,Ava,Hanson,65 Cefn Road,FARNHAM ROYAL,SL2 1UT,avahanson@dodgit.com,29/10/1990
351,Female,Abigail,Hardy,60 Russell Rd,SHIPTON GORGE,DT6 3YL,abigailhardy@spambob.com,30/12/1991
482,Male,Noah,Hardy,96 Duckpit Lane,UPPER RIDINGHILL,AB43 3EF,noahhardy@pookmail.com,26/12/1986
603,Male,Charlie,Hargreaves,93 Lammas Street,GREAT BRADLEY,CB8 7WR,charliehargreaves@mailinator.com,01/08/1989
251,Male,Leo,Harris,2 Farburn Terrace,LITTLE DRIFFIELD,YO25 7UT,leoharris@spambob.com,26/11/1988
662,Female,Georgina,Harris,95 Seaford Road,CULLIPOOL,PA34 3DS,georginaharris@trashymail.com,24/02/1990
319,Female,Hollie,Harrison,54 Kent Street,CROOK OF DEVON,KY13 7TB,hollieharrison@mailinator.com,30/01/1985
633,Female,Lara,Harrison,44 Roman Rd,LEIGH,WR6 8XT,laraharrison@dodgit.com,25/11/1990
821,Male,Alex,Harrison,95 Boat Lane,RHAOINE,IV28 6AG,alexharrison@pookmail.com,24/08/1982
618,Male,Mohammad,Hart,30 Ash Lane,YEOVIL,BA20 7LL,mohammadhart@dodgit.com,03/03/1990
766,Female,Isabel,Hart,12 Buckingham Rd,THORNTON,LN9 2BD,isabelhart@pookmail.com,26/01/1990
819,Female,Olivia,Hart,54 Freezeland Lane,CRAGGAN,AB37 2SB,oliviahart@spambob.com,23/01/1981
342,Female,Olivia,Harvey,65 Ilchester Road,MURKLE,KW14 2NP,oliviaharvey@mailinator.com,01/12/1989
852,Female,Melissa,Harvey,8 Argyll Street,ST SAMPSONS,GY2 6TS,melissaharvey@trashymail.com,29/10/1985
574,Male,Ben,Hawkins,80 Leicester Road,AVELEY,RM15 3BP,benhawkins@trashymail.com,01/07/1984
878,Male,Tom,Haynes,24 Cloch Rd,ST JOHN'S TOWN OF DALRY,DG7 1ZR,tomhaynes@trashymail.com,27/07/1988
507,Female,Harriet,Hayward,3 Cunnery Rd,MALDEN RUSHETT,KT9 3FP,harriethayward@dodgit.com,04/07/1991
551,Male,Connor,Hayward,92 Golf Road,SUTTON-ON-THE-FOREST,YO61 6XN,connorhayward@trashymail.com,28/06/1989
361,Male,Christopher,Henderson,9 Pier Road,STANWELL MOOR,TW19 1PT,christopherhenderson@trashymail.com,01/07/1983
314,Female,Georgia,Henry,29 Farburn Terrace,LITTLE RYBURGH,NR21 4DY,georgiahenry@pookmail.com,28/09/1983
596,Male,Reece,Herbert,69 Stroude Road,SIXHILLS,LN8 7ZS,reeceherbert@mailinator.com,24/10/1987
772,Female,Harriet,Hewitt,51 Newmarket Road,HAZELHEAD,AB1 0NH,harriethewitt@dodgit.com,30/11/1987
575,Male,Lucas,Hicks,46 Guildford Rd,EAST LAYTON,DL11 6WU,lucashicks@pookmail.com,26/02/1984
588,Female,Caitlin,Hicks,25 Earls Avenue,WHITLOCK'S END,B90 6FL,caitlinhicks@pookmail.com,25/06/1988
893,Male,Ellis,Hicks,40 Town Lane,SOUTH BEDDINGTON,SM6 0RJ,ellishicks@mailinator.com,29/08/1987
467,Male,Henry,Hill,72 Roker Terrace,LANLIVERY,PL22 5LR,henryhill@trashymail.com,27/07/1983
339,Female,Jasmine,Hilton,84 Roman Rd,LEIGH,SN6 8QW,jasminehilton@pookmail.com,28/08/1985
492,Male,Spencer,Hilton,41 Golden Knowes Road,FRENCHBEER,TQ13 6GW,spencerhilton@dodgit.com,31/01/1987
703,Female,Kiera,Hilton,89 York Road,OVERY STAITHE,PE31 6BU,kierahilton@trashymail.com,30/04/1980
302,Female,Jade,Hobbs,29 Golden Knowes Road,FREETHORPE COMMON,NR13 9DP,jadehobbs@trashymail.com,01/03/1983
642,Female,Alisha,Hodgson,16 Circle Way,CALDERBANK,ML6 9UT,alishahodgson@pookmail.com,30/11/1985
249,Female,Sofia,Holden,14 Folkestone Road,WIMPSTONE,CV37 5GY,sofiaholden@mailinator.com,02/10/1985
301,Female,Sienna,Holland,26 Bootham Crescent,RIGG,DG16 5UE,siennaholland@dodgit.com,01/03/1992
426,Male,Christopher,Holland,19 Davids Lane,SUCKLEY,WR6 2AB,christopherholland@dodgit.com,27/01/1987
650,Female,Katie,Holloway,66 Bouverie Road,WESTLEY WATERLESS,CB8 9XH,katieholloway@mailinator.com,29/01/1987
840,Male,Daniel,Holt,82 Cefn Road,FALLIN,FK7 2AR,danielholt@mailinator.com,27/09/1984
521,Male,Edward,Hooper,10 Terrick Rd,ELLINGTON,PE18 5AW,edwardhooper@spambob.com,02/03/1985
850,Male,Kyle,Hooper,77 Asfordby Rd,ALDERFORD,NR9 8PR,kylehooper@dodgit.com,25/06/1988
336,Female,Cerys,Horton,94 Lairg Road,NEWBIGGIN-BY-THE-SEA,NE64 1HX,ceryshorton@trashymail.com,24/08/1983
528,Female,Kate,Houghton,88 South Street,MONTFORD,SY4 1HN,katehoughton@pookmail.com,27/06/1980
664,Male,Anthony,Houghton,33 St Denys Road,POYS STREET,IP17 1NE,anthonyhoughton@trashymail.com,25/08/1981
872,Male,Sam,Houghton,75 High St,THROWLEIGH,EX20 5ST,samhoughton@pookmail.com,30/10/1980
554,Female,Jade,Howard,3 Harehills Lane,ROYAL LEAMINGTON SPA,CV32 1LY,jadehoward@spambob.com,02/12/1982
775,Female,Cerys,Howard,30 Rhosddu Rd,FIELD HEAD,LE67 9FJ,ceryshoward@spambob.com,04/03/1982
593,Female,Jasmine,Howell,80 Tadcaster Rd,PICKSTON,PH1 0QE,jasminehowell@dodgit.com,26/10/1985
256,Male,Jack,Howells,66 Great Western Road,LONGWOOD,SY5 4DS,jackhowells@trashymail.com,02/10/1986
857,Female,Morgan,Hudson,1 West Lane,DALSHANGAN,DG7 2ZH,morganhudson@trashymail.com,29/12/1981
232,Female,Jessica,Hughes,49 Cambridge Road,NOKE,OX3 6LF,jessicahughes@trashymail.com,25/09/1991
384,Female,Skye,Hughes,66 Walden Road,GREAT WAKERING,SS3 8PE,skyehughes@spambob.com,29/09/1989
764,Female,Victoria,Hughes,15 Ponteland Rd,HUDDINGTON,WR9 4BY,victoriahughes@spambob.com,29/08/1981
832,Female,Lara,Hughes,66 Iolaire Road,NEW HUTTON,LA8 1GE,larahughes@mailinator.com,02/08/1980
565,Female,Lydia,Humphreys,77 Church Way,BRACKLEY,NN13 4SB,lydiahumphreys@pookmail.com,02/08/1991
416,Female,Jade,Humphries,20 Netherpark Crescent,STISTED,CM7 6QW,jadehumphries@trashymail.com,31/08/1991
483,Female,Skye,Hunt,95 Cambridge Road,NORHAM,TD15 8BH,skyehunt@pookmail.com,26/08/1987
721,Female,Scarlett,Hunt,69 Foregate Street,COCKWOOD,EX6 3QA,scarletthunt@mailinator.com,28/09/1980
826,Male,Spencer,Hunt,11 Gloucester Road,CLAINES,WR3 4NF,spencerhunt@mailinator.com,02/03/1992
263,Female,Bethany,Hutchinson,20 Maidstone Road,WELLOW,BA2 1GY,bethanyhutchinson@spambob.com,27/12/1986
308,Female,Charlotte,Hyde,71 Iolaire Road,NEW INN,SA39 8LD,charlottehyde@trashymail.com,25/11/1980
330,Female,Samantha,Ingram,68 St Maurices Road,PRESTON,TD11 8NJ,samanthaingram@mailinator.com,24/12/1983
353,Male,Alex,Ingram,64 Mounthoolie Lane,SUMMER-HOUSE,DL2 6RX,alexingram@mailinator.com,27/10/1981
624,Male,Declan,Ingram,59 Holburn Lane,HELMSHORE,BB4 1JH,declaningram@mailinator.com,27/06/1983
641,Female,Ava,Ingram,34 High Street,ASH,CANTERBURY,ct3 5rd,01/12/1991
907,Female,Melissa,Ingram,46 Prince Consort Road,KENMORE,HS2 3ZD,melissaingram@pookmail.com,30/07/1987
696,Female,Matilda,Iqbal,54 Lamphey Road,THE LAURELS,NR14 3US,matildaiqbal@spambob.com,28/09/1991
706,Female,Sophie,Jackson,26 Eastbourne Rd,COLE,BA10 4SY,sophiejackson@dodgit.com,27/12/1989
835,Male,Kian,Jackson,5 Whitby Road,DENTON,IP20 3FB,kianjackson@pookmail.com,29/10/1991
860,Female,Abbie,Jackson,22 Broad Street,LOWESTOFT,NR32 4UQ,abbiejackson@spambob.com,03/03/1984
494,Male,Kai,James,94 Malcolm Rd,LLANFIHANGEL UWCH-GWILI,SA32 1DD,kaijames@mailinator.com,24/09/1989
690,Male,Ewan,James,93 New Dover Rd,WALLINGTON,SM6 8AS,ewanjames@spambob.com,04/07/1991
729,Female,Lucy,James,63 Ings Lane,DAVINGTON,DG13 2SG,lucyjames@spambob.com,28/12/1982
615,Female,Abigail,Jarvis,62 Malcolm Rd,LLANELIEU,LD3 0YN,abigailjarvis@mailinator.com,01/10/1980
791,Female,Ella,Jarvis,64 Marlborough Crescent,SOUTH THORESBY,LN13 3NE,ellajarvis@pookmail.com,28/01/1991
586,Male,Kian,Jenkins,87 Farburn Terrace,LITTLE KINETON,CV35 6HL,kianjenkins@mailinator.com,25/06/1980
242,Male,Kieran,Jennings,61 South Street,MOLLAND,EX36 5XN,kieranjennings@trashymail.com,28/09/1989
485,Male,Mohammed,John,53 Dover Road,WEST WILLIAMSTON,SA68 7QY,mohammedjohn@pookmail.com,26/12/1983
812,Male,Luke,John,38 Ermin Street,WYCOMBE MARSH,HP11 1EH,lukejohn@mailinator.com,29/01/1982
910,Male,Aaron,Johnson,13 Guildford Rd,EAST HECKINGTON,PE20 1HQ,aaronjohnson@mailinator.com,01/12/1986
731,Female,Harriet,Johnston,96 Farburn Terrace,LITTLE HAUTBOIS,NR12 6PL,harrietjohnston@mailinator.com,24/09/1980
867,Male,Kyle,Jones,56 Scrimshire Lane,ASWARDBY,PE23 4EN,kylejones@trashymail.com,02/12/1986
274,Male,Daniel,Kaur,4 Guildford Rd,EAST GRINSTEAD,RH19 4PP,danielkaur@pookmail.com,27/07/1982
691,Male,Dylan,Kaur,56 Walwyn Rd,CHATTO,TD5 2BE,dylankaur@pookmail.com,26/10/1981
547,Female,Madeleine,Kay,35 Thompsons Lane,MEAVY,PL20 4HF,madeleinekay@trashymail.com,27/02/1981
693,Female,Jessica,Kay,85 Leicester Road,AULTIPHURST,KW14 0ZU,jessicakay@spambob.com,29/07/1980
307,Female,Eve,Kelly,96 Consett Rd,HILLOCKHEAD,AB36 5UN,evekelly@dodgit.com,25/08/1988
514,Female,Poppy,Kelly,99 Netherpark Crescent,STEINMANHILL,AB53 4QU,poppykelly@dodgit.com,30/01/1992
656,Female,Bethany,Kemp,77 Caxton Place,BURY,RH20 6TY,bethanykemp@trashymail.com,27/01/1982
700,Male,Mason,Kemp,67 Fosse Way,ARDOCHU,IV28 6HN,masonkemp@trashymail.com,26/08/1983
841,Female,Yasmin,Kemp,73 Southend Avenue,BLACKFORD,CA6 3HX,yasminkemp@mailinator.com,30/08/1984
303,Female,Aaliyah,Kennedy,9 Abingdon Road,BRASSINGTON,DE4 7ZF,aaliyahkennedy@trashymail.com,01/01/1986
431,Male,Oscar,Kennedy,60 Sutton Wick Lane,BRIDGWATER,TA6 0NN,oscarkennedy@pookmail.com,03/08/1981
746,Female,Paige,Kennedy,76 Withers Close,ALLERFORD,TA24 3ZE,paigekennedy@mailinator.com,28/02/1989
410,Female,Samantha,Kerr,32 Main Road,AUCHMAIR,AB54 2RH,samanthakerr@mailinator.com,25/10/1989
430,Female,Emma,Kerr,26 Prestwick Road,INNERLEVEN,KY8 2BT,emmakerr@pookmail.com,30/12/1980
621,Female,Amelia,Kerr,61 North Promenade,DORDON,B78 7WU,ameliakerr@dodgit.com,31/08/1985
481,Male,David,Khan,92 Mounthoolie Lane,SUTTON SCOTNEY,SO21 5YT,davidkhan@dodgit.com,25/10/1987
568,Male,Ryan,Khan,97 Greyfriars Road,CARDENDEN,KY5 7EB,ryankhan@pookmail.com,31/07/1990
648,Female,Grace,Khan,7 Maidstone Road,WEREHAM,PE33 4XJ,gracekhan@spambob.com,01/03/1992
422,Female,Yasmin,King,83 High St,THURNE,NR29 3LA,yasminking@trashymail.com,24/09/1986
597,Male,Nathan,King,41 Long Street,MILNSBRIDGE,HD4 5BD,nathanking@dodgit.com,02/03/1988
792,Female,Maisie,King,21 Coast Rd,KIRKLAND,CA10 1TU,maisieking@mailinator.com,26/10/1986
686,Male,Aidan,Kirk,99 Terrick Rd,ELMORE,GL2 4QY,aidankirk@pookmail.com,01/01/1983
827,Female,Gracie,Kirk,11 Hart Road,NORTHALLERTON,DL6 7ST,graciekirk@trashymail.com,27/01/1991
896,Female,Evie,Kirk,37 Seafield Place,FOUR CROSSES,SY22 1TB,eviekirk@dodgit.com,03/03/1985
313,Male,Joel,Knight,49 Hendford Hill,MOUNTSTUART,PA20 3DE,joelknight@mailinator.com,02/03/1989
318,Female,Ruby,Knight,15 Caerfai Bay Road,THAKEHAM,RH20 8TR,rubyknight@trashymail.com,25/06/1989
723,Female,Mia,Knowles,15 Grenoble Road,BRAY SHOP,PL17 1FA,miaknowles@mailinator.com,02/07/1984
372,Female,Eve,Lamb,38 Botley Road,MIDDLESTONE MOOR,DL16 9GX,evelamb@mailinator.com,26/01/1985
542,Female,Aimee,Lambert,89 Osborne Road,KINGSDON,TA11 4ZN,aimeelambert@mailinator.com,27/01/1985
783,Male,Brandon,Lane,50 Hertingfordbury Rd,NEWTON,IV11 0EU,brandonlane@spambob.com,30/10/1987
295,Female,Danielle,Leach,81 Leicester Road,AVOCH,IV9 4WB,danielleleach@trashymail.com,27/12/1991
268,Male,Luca,Lee,59 Roman Rd,LEIDEAG,HS9 3AZ,lucalee@dodgit.com,25/10/1985
888,Female,Amber,Lee,42 Scotsburn Rd,SYDLING ST NICHOLAS,DT2 1XL,amberlee@dodgit.com,27/07/1980
517,Male,Finlay,Lees,84 Farburn Terrace,LITTLE OUSEBURN,YO5 9EY,finlaylees@pookmail.com,25/11/1980
326,Male,Charlie,Leonard,68 Cambridge Road,NOBOTTLE,NN7 4SP,charlieleonard@mailinator.com,26/12/1991
629,Female,Jade,Leonard,6 Ballifeary Road,BALMARTIN,HS6 4SL,jadeleonard@pookmail.com,26/01/1986
921,Female,Amy,Lewis,26 Walwyn Rd,CHAPELTOWN,AB37 2QL,amylewis@pookmail.com,30/01/1990
628,Female,Ruby,Little,1 Wressle Road,POCKLEY,YO62 2WU,rubylittle@pookmail.com,29/06/1983
409,Female,Jodie,Long,66 Walwyn Rd,CHARFIELD,GL12 6TS,jodielong@mailinator.com,30/01/1992
899,Male,Logan,Lord,8 Lammas Street,GREASBY,CH48 1HP,loganlord@mailinator.com,28/10/1991
578,Female,Francesca,Lucas,54 Moulton Road,GURNEY SLADE,BA3 3NJ,francescalucas@pookmail.com,31/10/1981
640,Female,Holly,Lucas,88 Wood Lane,BAGSTONE,GL12 9FL,hollylucas@mailinator.com,25/02/1992
677,Male,Joseph,Lucas,65 Helland Bridge,UPLODERS,DT6 9LL,josephlucas@spambob.com,25/02/1985
743,Female,Gracie,Lucas,97 Hampton Court Rd,SOWERBY BRIDGE,HX6 9ER,gracielucas@mailinator.com,25/06/1984
637,Male,James,Macdonald,33 Park End St,BROME,IP23 1QS,jamesmacdonald@trashymail.com,29/11/1984
739,Male,Evan,Macdonald,61 Park Place,CASTLEBYTHE,SA62 2XQ,evanmacdonald@trashymail.com,23/02/1989
848,Female,Katie,Macdonald,87 Merthyr Road,BURN OF CAMBUS,FK16 8ZD,katiemacdonald@pookmail.com,28/11/1982
277,Female,Tegan,Mahmood,81 St Omers Road,HOCKLIFFE,LU7 3LY,teganmahmood@dodgit.com,28/01/1992
617,Female,Jade,Mahmood,9 Horsefair Green,OLD MILVERTON,CV32 5HQ,jademahmood@mailinator.com,27/02/1990
306,Male,Rhys,Manning,60 Bootham Crescent,RICKLING GREEN,CB11 6NH,rhysmanning@spambob.com,02/03/1981
502,Male,Sean,Manning,46 Netherpark Crescent,STEAN,HG3 1UY,seanmanning@mailinator.com,29/07/1981
809,Female,Georgina,Manning,95 Henley Road,BOXTED CROSS,CO4 7EJ,georginamanning@spambob.com,26/11/1982
874,Female,Natasha,Marsden,22 Wade Lane,SANDFORD ORCAS,DT9 0EL,natashamarsden@spambob.com,28/12/1986
719,Female,Libby,Marshall,19 Boughton Rd,WICKHAMBROOK,CB8 9XE,libbymarshall@dodgit.com,30/12/1985
761,Male,Benjamin,Mason,8 Coast Rd,KIRKFIELDBANK,ML11 3RH,benjaminmason@pookmail.com,02/10/1986
787,Male,Mohammed,Mason,84 Cambridge Road,NORMANBY,DN15 2EG,mohammedmason@dodgit.com,26/10/1984
561,Female,Hannah,Matthews,35 Felix Lane,SHORESDEAN,TD15 7LL,hannahmatthews@trashymail.com,31/10/1984
673,Female,Melissa,Matthews,35 Mill Lane,COSSALL,NG16 7GP,melissamatthews@spambob.com,01/10/1989
882,Female,Grace,Matthews,72 Helland Bridge,UPPER BROUGHTON,LE14 8YZ,gracematthews@trashymail.com,29/07/1981
592,Female,Ellie,McCarthy,13 Argyll Road,LLANDEILO GRABAN,LD2 6RG,elliemccarthy@pookmail.com,02/10/1990
665,Male,Tyler,McCarthy,5 Hart Road,NORTHFIELD,AB2 4XW,tylermccarthy@trashymail.com,29/11/1982
679,Female,Eleanor,McCarthy,1 Caerfai Bay Road,THARSTON,NR15 5HZ,eleanormccarthy@pookmail.com,27/06/1990
748,Female,Tegan,McCarthy,56 Wenlock Terrace,PEN-Y-BONT,SY21 7GE,teganmccarthy@spambob.com,02/12/1987
553,Male,Joseph,McKenzie,51 Grenoble Road,BRETTENHAM,IP24 4DU,josephmckenzie@dodgit.com,28/08/1987
420,Male,Louie,McLean,14 Stone Cellar Road,KINGSFOLD,SA71 5HU,louiemclean@pookmail.com,28/08/1983
605,Female,Abigail,McLean,40 Southern Way,NORTH ORMSBY,LN11 9LH,abigailmclean@trashymail.com,28/12/1990
614,Female,Holly,McLean,45 Wartnaby Road,ACKLAM,YO17 5TR,hollymclean@dodgit.com,28/08/1989
286,Female,Kate,Mellor,51 Seafield Street,LLANWENOG,SA40 3HD,katemellor@spambob.com,28/02/1982
359,Male,Mohammed,Mellor,65 Merthyr Road,BUNCHREW,IV3 6LA,mohammedmellor@dodgit.com,02/07/1983
635,Male,Louie,Miah,56 Whitchurch Road,ENDERBY,LE9 3PW,louiemiah@pookmail.com,27/12/1981
488,Female,Ellie,Middleton,45 Overton Circle,LITTLETHORPE,HG4 6GJ,elliemiddleton@mailinator.com,25/11/1986
584,Female,Paige,Middleton,79 Spilman Street,GRANGE,IV3 7JP,paigemiddleton@trashymail.com,01/09/1991
726,Male,John,Miles,21 Park Terrace,GLAISTER,KA27 3RF,johnmiles@dodgit.com,24/01/1990
914,Female,Poppy,Miles,9 Ross Road,MARSTON TRUSSELL,LE16 8DE,poppymiles@mailinator.com,25/08/1987
291,Female,Ruby,Miller,28 Prince Consort Road,KELTY,KY4 0WU,rubymiller@mailinator.com,26/12/1984
323,Male,Ewan,Mills,18 Newport Road,CARIE,PH15 3HE,ewanmills@pookmail.com,27/07/1986
647,Male,Peter,Mills,68 Jubilee Drive,CATFORTH,PR4 3XF,petermills@dodgit.com,27/11/1984
352,Female,Sarah,Mistry,67 Golden Knowes Road,FRITHELSTOCK STONE,EX38 0YF,sarahmistry@dodgit.com,02/10/1981
722,Male,Mohammad,Mistry,73 Holburn Lane,HELPERBY,YO6 8JA,mohammadmistry@mailinator.com,28/12/1985
892,Female,Charlie,Moore,83 Hart Road,NORTHEND,BA1 9FN,charliemoore@trashymail.com,30/11/1986
549,Female,Abigail,Morgan,26 Ivy Lane,WARD END,B8 2EQ,abigailmorgan@spambob.com,27/11/1982
831,Female,Zara,Morgan,86 Balsham Road,HARMER HILL,SY4 5RD,zaramorgan@mailinator.com,04/03/1991
572,Male,Edward,Morley,50 St Maurices Road,PRESTON,ME13 7SW,edwardmorley@mailinator.com,29/01/1983
525,Male,Bailey,Morrison,40 Winchester Rd,MICKLEY,HG4 3HA,baileymorrison@mailinator.com,02/07/1991
610,Female,Mollie,Morrison,40 Lairg Road,NEWBY WISKE,DL7 8LL,molliemorrison@dodgit.com,28/09/1985
536,Female,Erin,Morton,16 Stroud Rd,OAKLEY,MK43 0YD,erinmorton@pookmail.com,30/01/1982
660,Male,Charlie,Murphy,76 Warner Close,HATHERLEIGH,EX20 5FP,charliemurphy@spambob.com,28/09/1991
292,Female,Erin,Murray,18 Abbey Row,OAKFORD,SA47 2WA,erinmurray@mailinator.com,28/11/1982
275,Female,Mia,Myers,98 London Road,COLLISTON,DD11 2RP,miamyers@dodgit.com,03/08/1987
587,Female,Caitlin,Nash,10 Huntly Street,BARROW,IP29 5SA,caitlinnash@pookmail.com,25/09/1982
498,Female,Ruby,Naylor,97 Maidstone Road,WERRINGTON,PL15 6HP,rubynaylor@spambob.com,28/02/1981
555,Female,Jade,Naylor,26 St Andrews Lane,CWMBACH,HR3 6PR,jadenaylor@pookmail.com,03/03/1992
589,Female,Zara,Naylor,81 Park Avenue,LAWLEY,TF4 0ZZ,zaranaylor@dodgit.com,30/12/1989
421,Female,Melissa,Nelson,8 Guildry Street,GARNSWLLT,SA18 7YN,melissanelson@mailinator.com,04/08/1986
493,Female,Natasha,Nelson,41 Traill Street,ROUD,PO38 1NZ,natashanelson@pookmail.com,26/10/1982
754,Female,Shannon,Nelson,60 Marlborough Crescent,SOUTH STOKE,RG8 9QB,shannonnelson@dodgit.com,28/01/1987
918,Female,Phoebe,Nelson,16 Mounthoolie Lane,SUTTON GRANGE,HG4 3RL,phoebenelson@trashymail.com,29/10/1982
909,Female,Sienna,Newman,71 Seafield Street,LLECHRYD,SA43 5TH,siennanewman@mailinator.com,27/11/1990
465,Female,Isobel,Newton,11 Union Terrace,LOGIE,KY15 6XD,isobelnewton@pookmail.com,29/11/1991
516,Female,Isabella,Newton,18 Main Road,AUCHTERTOOL,KY2 7FL,isabellanewton@pookmail.com,23/01/1985
464,Male,Logan,Nicholson,70 Warner Close,HAUGHLEY NEW STREET,IP14 7QX,logannicholson@trashymail.com,30/07/1988
602,Female,Freya,Nicholson,48 Helland Bridge,UPPER BENEFIELD,PE8 4FR,freyanicholson@mailinator.com,30/09/1987
433,Male,Zachary,Nixon,75 Union Terrace,LONDESBOROUGH,YO4 1PR,zacharynixon@spambob.com,27/02/1983
253,Male,Gabriel,Noble,30 Victoria Road,LISSINGTON,LN3 2PZ,gabrielnoble@trashymail.com,28/02/1991
636,Female,Imogen,Noble,58 Merthyr Road,BURGHFIELD,RG31 7JY,imogennoble@dodgit.com,28/09/1981
389,Female,Tia,Nolan,81 Preston Rd,MORTON,SY10 6AU,tianolan@trashymail.com,25/01/1987
780,Male,Zachary,Nolan,28 Argyll Street,STANFIELD,NR20 7FP,zacharynolan@pookmail.com,04/08/1986
376,Male,David,Norris,3 York Road,OUSBY,CA10 4RB,davidnorris@spambob.com,01/11/1981
583,Male,Dylan,North,70 Cheriton Rd,WEST LITTLETON,SN14 7PD,dylannorth@spambob.com,29/09/1986
924,Female,Imogen,North,7 Ross Road,MARSTON MORETAINE,MK43 4YA,imogennorth@spambob.com,29/10/1990
412,Female,Alisha,Norton,15 Fraserburgh Rd,LIMBRICK,PR6 1WQ,alishanorton@trashymail.com,25/06/1981
338,Male,William,O'Brien,37 Petworth Rd,DYFFRYN CELLWEN,SA10 4HW,williamobrien@spambob.com,31/01/1984
341,Female,Elizabeth,O'Brien,95 Guild Street,LONDON,E9 3ZR,elizabethobrien@spambob.com,29/11/1987
255,Male,Jordan,O'Connor,11 Glenurquhart Road,BALLIEMORE,PH16 8QN,jordanoconnor@spambob.com,26/01/1992
429,Male,Louie,O'Donnell,80 Harrogate Road,RYLAND,LN2 0GL,louieodonnell@dodgit.com,30/07/1986
717,Female,Bethany,O'Donnell,40 Prestwick Road,INGLEWHITE,PR3 3XY,bethanyodonnell@spambob.com,29/08/1985
414,Female,Amelie,Oliver,41 Greyfriars Road,CANWELL HALL,B75 1UY,amelieoliver@mailinator.com,29/07/1988
591,Female,Kayleigh,Oliver,67 Stroud Rd,OASBY,NG32 9ZH,kayleigholiver@trashymail.com,24/02/1988
716,Female,Charlie,Oliver,47 North Road,NETHERTHIRD,DG7 0FQ,charlieoliver@pookmail.com,28/06/1980
815,Female,Naomi,Oliver,19 Scrimshire Lane,ATHERSTONE,CV9 0FY,naomioliver@mailinator.com,25/09/1988
445,Female,Danielle,O'Neill,36 Guildford Rd,EAST COTTINGWITH,YO4 2WL,danielleoneill@pookmail.com,30/11/1983
567,Male,Mohammed,O'Neill,14 High St,THROCKING,SG9 8QP,mohammedoneill@mailinator.com,02/10/1983
281,Female,Alisha,Osborne,67 Terrick Rd,ELLWOOD,GL16 2DU,alishaosborne@mailinator.com,02/08/1990
847,Female,Francesca,Osborne,22 Russell Rd,SHIREOAKS,S81 0LB,francescaosborne@dodgit.com,25/06/1988
265,Female,Maddison,O'Sullivan,26 Chapel Lane,ARLEY,CW9 4NB,maddisonosullivan@pookmail.com,26/06/1989
395,Female,Laura,O'Sullivan,67 Stroud Rd,OLD CROMBIE,AB54 0LL,lauraosullivan@spambob.com,02/10/1982
670,Male,Declan,O'Sullivan,5 Newport Road,CARLTON,MK43 2QU,declanosullivan@spambob.com,27/12/1989
891,Female,Gracie,O'Sullivan,52 Glenurquhart Road,BALLAJORA,IM7 3LD,gracieosullivan@dodgit.com,26/02/1985
262,Female,Georgina,Owen,12 Park Avenue,LAWKLAND,LA2 0HU,georginaowen@dodgit.com,26/11/1986
730,Male,Corey,Owen,45 Roker Terrace,LAPLEY,ST19 2BE,coreyowen@dodgit.com,26/06/1982
758,Female,Amber,Owen,92 Annfield Rd,BEAUMONT,CO16 5ZD,amberowen@dodgit.com,25/01/1985
749,Male,Kai,Page,30 Scrimshire Lane,ASTON SUBEDGE,GL55 1SJ,kaipage@dodgit.com,27/06/1991
288,Male,Jay,Palmer,65 Ballifeary Road,BALLIMORE,FK19 7QH,jaypalmer@dodgit.com,29/09/1980
612,Male,Tyler,Parker,75 Guild Street,LONDON,SE18 3JU,tylerparker@pookmail.com,30/11/1989
750,Female,Elizabeth,Parker,46 Dunmow Road,GRUNDISBURGH,IP13 6UD,elizabethparker@spambob.com,28/01/1987
767,Female,Millie,Parkin,44 Ash Lane,YOULTON,YO6 0WJ,millieparkin@spambob.com,01/12/1983
240,Female,Tilly,Parkinson,43 Old Edinburgh Road,BELL END,DY9 9UE,tillyparkinson@trashymail.com,27/12/1990
682,Male,Cameron,Parkinson,20 Lairg Road,NEW ULVA,PA31 1DE,cameronparkinson@mailinator.com,27/06/1991
745,Female,Ellie,Parkinson,30 Main Road,AUCHGOURISH,PH24 8HU,ellieparkinson@pookmail.com,26/09/1982
814,Male,Alex,Parry,34 Scotswood Road,HOPEMAN,IV30 2RA,alexparry@spambob.com,29/01/1984
655,Female,Courtney,Parsons,66 Wressle Road,PLOXGREEN,SY5 3LD,courtneyparsons@dodgit.com,29/09/1989
920,Female,Matilda,Parsons,99 Caerfai Bay Road,TESTON,ME18 3DH,matildaparsons@dodgit.com,26/01/1984
458,Female,Chelsea,Patel,44 Crown Street,LONDON,NG31 7AF,chelseapatel@mailinator.com,25/02/1982
582,Male,Patrick,Patel,94 Traill Street,ROSE GREEN,CO6 5JJ,patrickpatel@spambob.com,29/10/1986
839,Female,Morgan,Patterson,25 Ilchester Road,MUSCOATES,YO6 3JQ,morganpatterson@spambob.com,29/11/1990
697,Female,Megan,Peacock,74 Southend Avenue,BLACKBOROUGH END,PE32 5YE,meganpeacock@mailinator.com,25/11/1989
619,Male,Finley,Pearce,64 Stone Cellar Road,KINGSDOWN,CT14 2TR,finleypearce@trashymail.com,29/12/1980
728,Male,Alfie,Perkins,9 Farburn Terrace,LITTLE MELTON,NR9 8NR,alfieperkins@spambob.com,03/07/1987
799,Male,Morgan,Perry,89 Haslemere Road,ECCUP,LS16 9RP,morganperry@spambob.com,30/09/1990
243,Female,Matilda,Peters,43 Long Street,MILLAND MARSH,GU30 6FL,matildapeters@spambob.com,01/11/1983
478,Female,Sienna,Peters,33 Marlborough Crescent,SOUTHAM,GL52 4ND,siennapeters@trashymail.com,31/10/1988
763,Male,Rhys,Peters,51 Winchester Rd,MIDDLE ASSENDON,RG9 7QD,rhyspeters@mailinator.com,28/11/1983
238,Male,Michael,Phillips,74 Farburn Terrace,LITTLE DUNKELD,PH8 0HY,michaelphillips@spambob.com,28/11/1984
552,Female,Keira,Pickering,13 Mill Lane,CORSEHILL,DG11 7QR,keirapickering@pookmail.com,26/08/1982
757,Female,Lydia,Pickering,35 Annfield Rd,BEAUMONT,CA5 0HG,lydiapickering@trashymail.com,26/11/1989
310,Female,Tilly,Pollard,67 Great Western Road,LORDSWOOD,SO16 6GU,tillypollard@trashymail.com,24/12/1988
315,Male,Bailey,Poole,68 Withers Close,ALLERTHORPE,YO4 8QY,baileypoole@mailinator.com,23/08/1988
331,Male,Joseph,Poole,16 Telford Street,BARBARAVILLE,IV18 9XZ,josephpoole@dodgit.com,01/07/1982
727,Male,Rhys,Poole,44 Rhosddu Rd,FFOREST,SA4 2YL,rhyspoole@trashymail.com,30/07/1989
885,Female,Kiera,Poole,48 Gordon Terrace,BARWHINNOCK,DG6 4ED,kierapoole@spambob.com,28/02/1989
404,Male,Archie,Porter,61 Glandovey Terrace,TRESPARRETT POSTS,PL32 9ZF,archieporter@trashymail.com,27/12/1981
471,Female,Libby,Porter,91 Union Terrace,LOGGIE,IV23 4EJ,libbyporter@trashymail.com,25/02/1981
503,Male,Matthew,Porter,1 Bishopgate Street,SEAMER,TS9 6AU,matthewporter@mailinator.com,02/08/1991
820,Female,Laura,Porter,34 Jedburgh Road,LENWADE,NR9 7NW,lauraporter@mailinator.com,25/10/1980
803,Female,Mollie,Potter,3 Hull Road,PAR,PL24 8NU,molliepotter@trashymail.com,02/03/1986
300,Female,Lilly,Potts,37 Whatlington Road,COTTERSTOCK,PE8 1QF,lillypotts@mailinator.com,30/12/1988
354,Male,Oscar,Potts,35 Seaford Road,CULBONE,TA24 0GN,oscarpotts@pookmail.com,01/08/1980
585,Male,Harrison,Powell,51 Neville Street,ICKLETON,CB10 8GE,harrisonpowell@dodgit.com,30/08/1985
606,Female,Ava,Power,40 Peachfield Road,CEMAES,LL67 0LF,avapower@pookmail.com,28/02/1989
645,Female,Kayleigh,Power,10 Gordon Terrace,BAULDS,AB31 9WD,kayleighpower@pookmail.com,27/06/1984
864,Female,Keira,Price,48 Thompsons Lane,MEMUS,DD8 2UT,keiraprice@trashymail.com,04/07/1983
735,Female,Lola,Pritchard,58 Long Street,MILLHOUSE,PA21 3LG,lolapritchard@mailinator.com,28/09/1981
737,Male,Matthew,Pritchard,45 Shannon Way,CHILDSWICKHAM,WR12 8BS,matthewpritchard@pookmail.com,27/09/1990
417,Male,Dylan,Pugh,86 Harrogate Road,RUSHTON SPENCER,SK11 3UG,dylanpugh@spambob.com,01/11/1985
443,Female,Jessica,Pugh,3 Stroude Road,SINGLEWELL OR IFIELD,DA12 1ZR,jessicapugh@pookmail.com,30/08/1990
544,Female,Natasha,Pugh,78 Lincoln Green Lane,CHURCH LEIGH,ST10 7YQ,natashapugh@spambob.com,23/10/1980
669,Female,Chloe,Pugh,30 Peachfield Road,CHAPEL CHORLTON,ST5 6ZU,chloepugh@spambob.com,02/03/1984
644,Male,Daniel,Quinn,97 Monks Way,TORVAIG,IV51 6HE,danielquinn@spambob.com,27/07/1989
911,Female,Lydia,Randall,50 Cloch Rd,ST IVES,PE17 8ZR,lydiarandall@spambob.com,24/01/1991
473,Female,Lydia,Read,80 Gloddaeth Street,BILLINGFORD,IP21 6ZZ,lydiaread@mailinator.com,27/09/1988
595,Female,Chelsea,Rees,88 Carriers Road,CREGGANS,PA27 2LP,chelsearees@mailinator.com,27/09/1987
658,Female,Molly,Rees,98 Prestwick Road,INVERARISH,IV40 4ZT,mollyrees@trashymail.com,30/09/1983
793,Male,Jake,Rees,7 West Lane,DALSHANGAN,DG7 7AD,jakerees@mailinator.com,27/11/1987
500,Female,Cerys,Reeves,62 Long Street,MILLTOWN,S45 7YG,cerysreeves@mailinator.com,30/11/1989
279,Female,Leah,Reid,96 Layburn Court,TRAFFORD PARK,M17 6SX,leahreid@mailinator.com,28/09/1987
513,Male,Corey,Reid,71 Walwyn Rd,CHAPELKNOWE,DG14 8WY,coreyreid@pookmail.com,26/10/1988
387,Male,Ethan,Reynolds,23 Trinity Crescent,WHIPSNADE,LU6 8DN,ethanreynolds@trashymail.com,31/01/1991
505,Female,Katherine,Reynolds,21 Park Place,CARSLUITH,DG8 8ZR,katherinereynolds@trashymail.com,30/07/1981
724,Male,Archie,Reynolds,35 Castledore Road,TULLOCHGRIBBAN HIGH,PH26 2HU,archiereynolds@dodgit.com,29/08/1989
863,Female,Isobel,Rhodes,67 Lamphey Road,THIRKLEBY,YO7 7TT,isobelrhodes@pookmail.com,27/06/1991
538,Female,Paige,Rice,12 New Dover Rd,WALLINGTON,PO16 5ZX,paigerice@trashymail.com,25/01/1982
626,Male,Jay,Rice,84 Nenthead Road,HIGHAM WOOD,TN10 6AD,jayrice@dodgit.com,25/12/1987
838,Male,Daniel,Rice,2 Lairg Road,NEWBIGGING,AB35 3LB,danielrice@mailinator.com,25/01/1985
245,Female,Alexandra,Richards,70 Brynglas Road,GLENELG,IV40 5HB,alexandrarichards@trashymail.com,30/09/1981
790,Male,Corey,Richards,36 Prince Consort Road,KELSTON,BA1 5AH,coreyrichards@trashymail.com,25/11/1984
296,Female,Lily,Richardson,75 Horsefair Green,OLDBURY,WV16 0YR,lilyrichardson@pookmail.com,28/12/1985
741,Female,Niamh,Roberts,56 Jubilee Drive,CASTLEWEARY,TD9 3AD,niamhroberts@dodgit.com,01/03/1985
365,Male,Alex,Robertson,32 Felix Lane,SHOSCOMBE,BA2 4FL,alexrobertson@spambob.com,31/07/1986
392,Female,Abby,Robertson,76 Park Avenue,LAURIESTON,DG7 3GE,abbyrobertson@trashymail.com,29/11/1987
569,Female,Olivia,Robertson,22 Cefn Road,FAULKLAND,BA3 9HU,oliviarobertson@spambob.com,27/08/1980
851,Female,Maddison,Robertson,71 Seafield Street,LLANSPYDDID,LD3 4PZ,maddisonrobertson@mailinator.com,30/08/1988
751,Female,Alexandra,Robson,39 New Dover Rd,WALSALL,WS1 3EL,alexandrarobson@trashymail.com,25/09/1985
247,Male,Ethan,Rose,29 Carriers Road,CROES-IAN,SA44 8TD,ethanrose@dodgit.com,26/10/1989
388,Male,Finlay,Rose,82 Wartnaby Road,ADDIEWELL,EH55 8SF,finlayrose@mailinator.com,27/07/1987
533,Female,Aaliyah,Rose,7 Middlewich Road,FITZHEAD,TA4 1SE,aaliyahrose@spambob.com,28/08/1984
604,Male,Anthony,Ross,39 Petworth Rd,DUTHIL,PH23 6JE,anthonyross@mailinator.com,03/07/1989
889,Male,Sebastian,Ross,87 Harehills Lane,RUAN MINOR,TR12 4YJ,sebastianross@pookmail.com,27/01/1986
348,Male,Alfie,Rowe,43 Hull Road,PABAIL IARACH,HS2 7BW,alfierowe@spambob.com,25/11/1990
390,Male,Declan,Rowe,7 Fulford Road,PENNY BRIDGE,LA12 1AB,declanrowe@trashymail.com,27/11/1980
699,Male,Nicholas,Rowley,32 Colorado Way,RHYDLYDAN,LL24 1UR,nicholasrowley@dodgit.com,30/07/1988
796,Female,Holly,Russell,44 North Road,NETHERCOTT,OX5 6SZ,hollyrussell@trashymail.com,30/08/1981
881,Female,Victoria,Russell,76 Walwyn Rd,CHARTHAM HATCH,CT4 3JS,victoriarussell@pookmail.com,27/09/1985
668,Female,Zara,Sanders,99 Warner Close,HATFIELD HYDE,AL7 2BB,zarasanders@mailinator.com,27/09/1988
753,Male,Ethan,Sanders,80 Wrexham Rd,FAKENHAM,NR21 7HN,ethansanders@pookmail.com,27/12/1989
694,Female,Jasmine,Sanderson,94 Main St,ACHMORE,IV53 9JJ,jasminesanderson@pookmail.com,01/02/1992
252,Male,Ellis,Saunders,31 Brackley Road,TIDDINGTON,OX9 7LW,ellissaunders@trashymail.com,31/08/1988
316,Female,Madison,Schofield,14 Uxbridge Road,SLAPTON,NN12 3DJ,madisonschofield@trashymail.com,29/11/1984
800,Male,Joseph,Schofield,12 Academy Street,BERWICK-UPON-TWEED,TD15 1PJ,josephschofield@dodgit.com,29/12/1983
297,Female,Samantha,Scott,69 Neville Street,HUYTON,L36 6EL,samanthascott@mailinator.com,26/06/1991
871,Female,Libby,Scott,8 South Crescent,LYNEMORE,PH26 5SX,libbyscott@spambob.com,03/08/1981
405,Male,Mohammed,Shah,17 Fore St,TRUMPAN,IV55 9XU,mohammedshah@mailinator.com,25/09/1984
364,Female,Danielle,Shaw,39 Farburn Terrace,LITTLE MILL,NP4 0ZT,danielleshaw@trashymail.com,02/08/1987
427,Male,Spencer,Shaw,11 Eastbourne Rd,COLESDEN,MK44 7TD,spencershaw@pookmail.com,31/12/1989
714,Female,Lola,Shepherd,59 Wressle Road,PLAYING PLACE,TR3 2QJ,lolashepherd@spambob.com,01/10/1990
328,Female,Courtney,Sheppard,97 Thornton St,HUTTON HENRY,TS27 8BA,courtneysheppard@mailinator.com,27/09/1984
411,Male,James,Sheppard,33 Jubilee Drive,CATCLIFFE,S60 4ZZ,jamessheppard@pookmail.com,30/01/1990
548,Male,Sam,Sheppard,21 Rhosddu Rd,FINDRASSIE,IV30 7AF,samsheppard@dodgit.com,31/08/1991
771,Female,Rosie,Sheppard,8 Whitchurch Road,ENHAM ALAMEIN,SP11 2NF,rosiesheppard@mailinator.com,28/02/1990
570,Male,Jamie,Sims,26 Copthorne Way,CALLISTERHALL,DG11 5TE,jamiesims@dodgit.com,24/12/1990
866,Female,Alisha,Singh,42 Stroud Rd,OAKLANDS,AL6 3AW,alishasingh@trashymail.com,01/08/1980
311,Male,Tyler,Skinner,90 Scarcroft Road,PORTNACON,IV27 5EF,tylerskinner@dodgit.com,28/10/1987
732,Female,Libby,Skinner,71 Uxbridge Road,SKIRWITH,CA10 3XL,libbyskinner@spambob.com,30/07/1985
919,Female,Sofia,Skinner,87 Grey Street,KESGRAVE,IP5 1YH,sofiaskinner@mailinator.com,27/02/1992
543,Female,Naomi,Smart,85 Kendell Street,SHELLEY,IP7 3HP,naomismart@mailinator.com,25/11/1990
562,Female,Sophie,Smart,4 Whatlington Road,COT-TOWN,AB54 6DN,sophiesmart@spambob.com,28/11/1990
451,Male,Robert,Smith,68 Argyll Street,STANBRIDGE EARLS,SO51 5GS,robertsmith@spambob.com,03/03/1984
557,Female,Sarah,Steele,84 Southlands Road,PONT-RHYD-Y-GROES,SY25 0FN,sarahsteele@dodgit.com,24/10/1982
905,Female,Millie,Steele,79 Crescent Avenue,DUDSBURY,BH22 4QZ,milliesteele@spambob.com,28/08/1991
293,Male,Callum,Stephens,75 Canterbury Road,VERWIG,SA43 9ER,callumstephens@dodgit.com,31/12/1986
534,Female,Molly,Stephens,91 Lamphey Road,THORINGTON,IP19 4NY,mollystephens@spambob.com,27/12/1985
643,Male,William,Stevens,41 Thirsk Road,BLAIRHALL,KY12 9RT,williamstevens@spambob.com,27/09/1982
858,Male,Kai,Stevens,13 St Omers Road,HOAR CROSS,DE13 3SU,kaistevens@pookmail.com,26/01/1981
397,Male,Callum,Stevenson,93 Gordon Terrace,BARVAS,HS2 5NY,callumstevenson@trashymail.com,25/10/1990
267,Male,Max,Stokes,92 Castledore Road,TURWESTON,NN13 4DJ,maxstokes@dodgit.com,02/07/1987
248,Female,Eleanor,Stone,20 Ross Road,MARTIN DROVE END,SP6 8LD,eleanorstone@pookmail.com,28/01/1986
811,Female,Lauren,Stone,84 Gloucester Road,CLAPGATE,BH21 5HN,laurenstone@spambob.com,01/07/1982
357,Male,Andrew,Storey,37 Whitby Road,DHOWIN,IM7 5YP,andrewstorey@mailinator.com,31/08/1991
581,Male,Riley,Storey,13 Bishopgate Street,SCRUTON,DL7 8ZE,rileystorey@pookmail.com,28/08/1991
456,Female,Amelie,Sullivan,16 Gordon Terrace,BATTLESBRIDGE,SS11 4PZ,ameliesullivan@mailinator.com,30/07/1987
457,Female,Keira,Sullivan,7 Rhosddu Rd,FILLONGLEY,CV7 0GL,keirasullivan@mailinator.com,26/01/1983
477,Female,Zoe,Sullivan,2 St Andrews Lane,DALBRECK,IV28 9JX,zoesullivan@pookmail.com,27/02/1990
804,Male,Louie,Sullivan,89 Merthyr Road,BURGESS HILL,RH15 8BX,louiesullivan@spambob.com,24/10/1986
499,Male,Josh,Swift,18 Baldock Street,NEWTON,EH52 7JR,joshswift@dodgit.com,27/09/1987
698,Female,Molly,Swift,26 Wrexham Rd,EYNSFORD,DA4 2HG,mollyswift@spambob.com,27/12/1989
684,Female,Alisha,Sykes,32 Grey Street,KETTERINGHAM,NR18 7JA,alishasykes@trashymail.com,28/01/1982
856,Female,Charlie,Sykes,98 Whitchurch Road,ELSHAM,DN20 9PJ,charliesykes@mailinator.com,27/10/1989
305,Female,Yasmin,Talbot,86 Trinity Crescent,WHAPLODE DROVE,PE12 2AU,yasmintalbot@trashymail.com,26/02/1988
346,Female,Sarah,Talbot,20 Davids Lane,STURTON LE STEEPLE,DN22 1YH,sarahtalbot@pookmail.com,01/11/1987
652,Female,Bethany,Thomas,15 Church Way,BRADFIELD ST GEORGE,IP30 9UB,bethanythomas@trashymail.com,24/08/1985
807,Male,James,Thomson,23 Nottingham Rd,ABER BARGOED,CF81 5LS,jamesthomson@dodgit.com,27/06/1985
269,Female,Evie,Thornton,66 Union Terrace,LOCHLAIR,DD8 2QW,eviethornton@spambob.com,01/08/1985
535,Female,Morgan,Thornton,16 York Road,OVINGHAM,NE42 8WD,morganthornton@spambob.com,26/07/1985
774,Female,Alicia,Thornton,45 Ilchester Road,MUIRHEAD,G69 0LH,aliciathornton@dodgit.com,27/11/1986
802,Female,Amber,Thornton,27 Roker Terrace,LATHRISK,KY15 9UG,amberthornton@trashymail.com,31/10/1990
545,Male,Callum,Thorpe,14 Layburn Court,TRALLONG,LD3 2XD,callumthorpe@mailinator.com,28/07/1991
674,Female,Nicole,Thorpe,43 Osborne Road,KINCLAVEN,PH1 5EB,nicolethorpe@mailinator.com,04/08/1986
241,Female,Ruby,Townsend,92 Netherpark Crescent,STEANE,NN13 5JN,rubytownsend@spambob.com,01/08/1989
469,Male,Kyle,Townsend,13 Lamphey Road,THE VAULD,HR1 0AH,kyletownsend@spambob.com,02/10/1983
671,Female,Maya,Tucker,33 Thirsk Road,BLAYDON,NE21 9LH,mayatucker@trashymail.com,24/02/1984
239,Female,Amber,Turner,65 George Street,BROXBOURNE,EN10 1JQ,amberturner@pookmail.com,25/06/1981
415,Male,Archie,Turner,74 Winchester Rd,MERCASTON,DE6 0JX,archieturner@trashymail.com,26/09/1984
432,Female,Brooke,Vaughan,24 Marcham Road,BOTOLPH CLAYDON,MK18 4XW,brookevaughan@mailinator.com,01/07/1986
676,Female,Rachel,Vaughan,14 Whatlington Road,COUPAR ANGUS,PH13 0HJ,rachelvaughan@pookmail.com,26/06/1985
285,Female,Charlie,Vincent,74 Temple Way,WITHERSFIELD,CB9 2LU,charlievincent@spambob.com,29/01/1985
317,Male,Luke,Vincent,46 Peachfield Road,CELLARDYKE,KY10 6UZ,lukevincent@mailinator.com,28/02/1992
509,Female,Keira,Wade,50 Roman Rd,LECKMELM,IV23 7PX,keirawade@mailinator.com,31/12/1991
680,Female,Maisie,Wade,4 Trinity Crescent,WHITCHURCH,CF4 4GB,maisiewade@trashymail.com,02/07/1982
855,Male,Christopher,Wade,75 Stone Cellar Road,KINGUSSIE,PH21 2EJ,christopherwade@pookmail.com,01/09/1991
373,Female,Libby,Wall,82 Crescent Avenue,DRUMNADROCHIT,IV3 2SD,libbywall@mailinator.com,02/10/1983
630,Female,Lara,Wall,65 Uxbridge Road,SLAMANNAN,FK1 6JG,larawall@trashymail.com,29/08/1987
651,Female,Kiera,Wall,23 Netherpark Crescent,STAVELEY,S43 2LQ,kierawall@pookmail.com,29/09/1984
870,Female,Demi,Wall,63 Copthorne Way,CAMERON,G83 8SH,demiwall@pookmail.com,28/02/1989
448,Male,Zak,Wallace,44 Wressle Road,PLAYDEN,TN31 5DP,zakwallace@dodgit.com,01/07/1981
428,Female,Jennifer,Walsh,11 Shannon Way,CHITHURST,GU31 5NU,jenniferwalsh@dodgit.com,24/08/1991
250,Female,Elise,Walters,59 Walwyn Rd,CHARTHAM,CT4 2GH,elisewalters@spambob.com,28/12/1981
360,Female,Isabelle,Walters,29 Cloch Rd,ST OWEN'S CROSS,HR2 6FZ,isabellewalters@dodgit.com,01/11/1985
720,Female,Naomi,Walters,18 Hindhead Road,EARSHAM,NR35 0SF,naomiwalters@trashymail.com,01/11/1989
797,Female,Lucy,Walters,53 Felix Lane,SHUTE,EX13 0HN,lucywalters@mailinator.com,26/02/1983
347,Female,Eleanor,Walton,17 Terrick Rd,EGGINGTON,LU7 8EL,eleanorwalton@dodgit.com,24/01/1986
734,Female,Jennifer,Walton,54 Newmarket Road,HAWKSHEAD,LA22 0SJ,jenniferwalton@trashymail.com,02/08/1988
801,Male,Bailey,Warren,24 Abbey Row,NOSELEY,LE7 9XJ,baileywarren@pookmail.com,26/11/1985
290,Female,Jade,Waters,73 Annfield Rd,BEDALE,DL8 7JF,jadewaters@pookmail.com,27/12/1989
380,Female,Alicia,Waters,4 New Dover Rd,WALFORD,HR9 6JX,aliciawaters@mailinator.com,29/06/1991
659,Male,Joseph,Waters,20 Vicar Lane,SANDTOFT,DN8 2EY,josephwaters@trashymail.com,24/12/1983
917,Female,Faith,Waters,53 Manor Way,GREAT SANKEY,WA5 0AF,faithwaters@pookmail.com,24/08/1986
287,Female,Victoria,Watkins,98 Kingsway North,HOLMER GREEN,HP15 4AW,victoriawatkins@mailinator.com,30/07/1986
782,Female,Harriet,Watkins,25 Park Avenue,LAWFORD,CO11 1GZ,harrietwatkins@pookmail.com,26/02/1986
816,Male,William,Watkins,61 Horsefair Green,OLD WARDEN,SG18 4ZP,williamwatkins@pookmail.com,30/12/1985
408,Male,Jacob,Watson,34 Crescent Avenue,DUCK END,CM6 9ZL,jacobwatson@mailinator.com,24/10/1985
740,Female,Charlie,Watson,45 Warner Close,HATTON HEATH,CH3 0TJ,charliewatson@mailinator.com,01/03/1987
845,Male,Jamie,Watson,14 Boroughbridge Road,BIRTLEY,NE48 1RS,jamiewatson@trashymail.com,25/02/1991
246,Female,Grace,Watts,86 New Dover Rd,WALCOT,TF6 8WZ,gracewatts@spambob.com,30/08/1991
531,Male,Cameron,Watts,69 Cambridge Road,NORMANBY,DN15 4QH,cameronwatts@dodgit.com,28/11/1986
828,Male,Bailey,Watts,7 St Andrews Lane,CWMFFRWD,SA31 7RL,baileywatts@mailinator.com,27/01/1990
541,Female,Charlotte,Webb,51 George Street,BROUGHAM,CA10 2LR,charlottewebb@dodgit.com,26/02/1992
489,Female,Francesca,Webster,27 Boroughbridge Road,BISHOP NORTON,LN2 9QQ,francescawebster@pookmail.com,04/08/1990
524,Female,Ava,Webster,50 Church Way,BRADLEY,ST18 1DH,avawebster@pookmail.com,01/08/1989
366,Female,Paige,Welch,36 St Denys Road,POUND GREEN,TN22 9AE,paigewelch@spambob.com,27/09/1981
447,Female,Francesca,Welch,13 Fore St,TRIANGLE,HX6 3HN,francescawelch@pookmail.com,29/08/1982
459,Male,Jay,Welch,57 Duckpit Lane,UPPER LARGO,KY8 8GF,jaywelch@trashymail.com,29/07/1989
762,Female,Brooke,Wells,61 South Street,MONEYDIE,PH1 0XA,brookewells@trashymail.com,27/08/1981
375,Male,Nathan,West,22 Newmarket Road,HEADLESS CROSS,B97 1BZ,nathanwest@pookmail.com,31/10/1986
571,Female,Freya,West,43 Ramsgate Rd,WILLOWS GREEN,CM3 3TD,freyawest@trashymail.com,31/01/1988
705,Female,Demi,West,28 Prince Consort Road,KELLAN,PA72 9RL,demiwest@mailinator.com,30/12/1990
837,Male,Declan,Weston,31 Huntly Street,BARNHAM,PO22 4ZT,declanweston@dodgit.com,25/08/1988
399,Female,Cerys,Wheeler,60 Thompsons Lane,MELVERLEY GREEN,SY22 1NZ,ceryswheeler@trashymail.com,29/08/1988
537,Male,Leo,Wheeler,61 Worthy Lane,MATTISHALL,NR20 6LG,leowheeler@pookmail.com,29/09/1990
475,Female,Abbie,White,13 Withers Close,ALDWINCLE,NN14 7YS,abbiewhite@pookmail.com,26/08/1982
257,Male,Louie,Whitehead,87 Red Lane,ETTRICKBRIDGE,TD7 7LN,louiewhitehead@pookmail.com,27/06/1980
340,Male,Nathan,Whitehead,20 Nenthead Road,HIGH ONGAR,CM5 5LX,nathanwhitehead@trashymail.com,31/01/1988
894,Female,Zoe,Whitehead,59 Marlborough Crescent,SOUTH PICKENHAM,PE37 0YZ,zoewhitehead@trashymail.com,27/10/1988
794,Male,Joe,Whitehouse,33 Lamphey Road,THISTLETON,LE15 6GX,joewhitehouse@spambob.com,30/07/1988
371,Female,Lara,Whittaker,31 Union Terrace,LOLWORTH,CB3 7BQ,larawhittaker@dodgit.com,24/01/1991
497,Female,Phoebe,Whittaker,95 Kent Street,CROSBY,IM4 7DJ,phoebewhittaker@dodgit.com,24/01/1983
704,Female,Nicole,Whittaker,44 Oxford Rd,WOOTTON BASSETT,SN4 1DZ,nicolewhittaker@pookmail.com,31/10/1982
398,Male,Muhammad,Wilkins,9 Roman Rd,LEIGH,GL19 6FD,muhammadwilkins@pookmail.com,27/10/1990
576,Male,Finley,Wilkins,71 Ballifeary Road,BALNACRA,IV54 5FU,finleywilkins@mailinator.com,01/07/1985
613,Female,Lilly,Wilkins,6 Uxbridge Road,SKELTON,CA11 8NU,lillywilkins@pookmail.com,27/01/1991
768,Male,Josh,Wilkinson,93 Holgate Rd,RANWORTH,NR13 0FZ,joshwilkinson@pookmail.com,24/11/1981
865,Female,Amelia,Williamson,77 North Promenade,DOUGLAS HILL,LL57 6XG,ameliawilliamson@trashymail.com,24/01/1991
470,Male,Joe,Willis,86 Farburn Terrace,LITTLE DOWNHAM,CB6 9WZ,joewillis@trashymail.com,29/09/1986
616,Female,Jasmine,Wilson,4 Sloe Lane,CRUACH,PA43 2GD,jasminewilson@pookmail.com,31/01/1989
283,Female,Elizabeth,Winter,25 Warner Close,HAWARDEN,CH5 4XL,elizabethwinter@trashymail.com,31/07/1983
760,Male,Toby,Wood,13 Freezeland Lane,CRAIBSTONE,AB56 0UD,tobywood@trashymail.com,28/09/1980
887,Male,Kyle,Wright,47 Thames Street,BONHILL,G83 3TQ,kylewright@dodgit.com,26/06/1985
424,Male,Archie,Wyatt,89 Front St,HENFIELD,BN5 7BE,archiewyatt@trashymail.com,31/07/1988
439,Female,Lucy,Wyatt,65 Ross Road,MARSTON,B76 3FQ,lucywyatt@spambob.com,27/08/1982
627,Female,Georgia,Wyatt,11 Copthorne Way,CALSTONE WELLINGTON,SN10 4NZ,georgiawyatt@trashymail.com,25/10/1980
461,Female,Maddison,Young,81 High St,THRUXTON,SP11 5LS,maddisonyoung@dodgit.com,30/08/1987
486,Female,Maisie,Young,94 Tadcaster Rd,PILTON,EX31 3JN,maisieyoung@mailinator.com,29/02/1992
